id_alerta,alerta,fecha,sensor,id_usuario
1,Alerta_1: Evento crítico detectado,2024-01-06 10:01:09.278283,Sensor_21,844
2,Alerta_2: Evento crítico detectado,2023-11-24 10:01:09.278283,Sensor_19,279
3,Alerta_3: Evento crítico detectado,2023-11-04 10:01:09.278283,Sensor_24,518
4,Alerta_4: Evento crítico detectado,2024-01-19 10:01:09.278283,Sensor_49,682
5,Alerta_5: Evento crítico detectado,2024-06-20 10:01:09.278283,Sensor_12,355
6,Alerta_6: Evento crítico detectado,2024-05-18 10:01:09.278283,Sensor_25,351
7,Alerta_7: Evento crítico detectado,2024-02-29 10:01:09.278283,Sensor_39,491
8,Alerta_8: Evento crítico detectado,2024-04-02 10:01:09.278283,Sensor_42,994
9,Alerta_9: Evento crítico detectado,2024-03-22 10:01:09.278283,Sensor_45,473
10,Alerta_10: Evento crítico detectado,2024-04-11 10:01:09.278283,Sensor_22,606
11,Alerta_11: Evento crítico detectado,2023-11-11 10:01:09.278283,Sensor_6,771
12,Alerta_12: Evento crítico detectado,2024-10-08 10:01:09.278283,Sensor_48,117
13,Alerta_13: Evento crítico detectado,2024-02-14 10:01:09.278283,Sensor_24,891
14,Alerta_14: Evento crítico detectado,2024-05-07 10:01:09.278283,Sensor_39,882
15,Alerta_15: Evento crítico detectado,2024-04-29 10:01:09.278283,Sensor_49,449
16,Alerta_16: Evento crítico detectado,2024-08-18 10:01:09.278283,Sensor_1,243
17,Alerta_17: Evento crítico detectado,2024-01-28 10:01:09.278283,Sensor_46,804
18,Alerta_18: Evento crítico detectado,2024-03-17 10:01:09.278283,Sensor_34,859
19,Alerta_19: Evento crítico detectado,2024-02-20 10:01:09.278283,Sensor_14,961
20,Alerta_20: Evento crítico detectado,2024-07-03 10:01:09.278283,Sensor_19,62
21,Alerta_21: Evento crítico detectado,2024-08-07 10:01:09.278283,Sensor_16,408
22,Alerta_22: Evento crítico detectado,2023-12-22 10:01:09.278283,Sensor_40,667
23,Alerta_23: Evento crítico detectado,2024-04-18 10:01:09.278283,Sensor_17,241
24,Alerta_24: Evento crítico detectado,2024-08-06 10:01:09.278283,Sensor_44,423
25,Alerta_25: Evento crítico detectado,2024-08-30 10:01:09.278283,Sensor_38,144
26,Alerta_26: Evento crítico detectado,2024-02-21 10:01:09.278283,Sensor_47,914
27,Alerta_27: Evento crítico detectado,2023-12-29 10:01:09.278283,Sensor_5,505
28,Alerta_28: Evento crítico detectado,2024-03-09 10:01:09.278283,Sensor_40,503
29,Alerta_29: Evento crítico detectado,2024-07-24 10:01:09.278283,Sensor_33,78
30,Alerta_30: Evento crítico detectado,2023-11-24 10:01:09.278283,Sensor_8,439
31,Alerta_31: Evento crítico detectado,2024-03-20 10:01:09.278283,Sensor_46,785
32,Alerta_32: Evento crítico detectado,2024-04-16 10:01:09.278283,Sensor_24,143
33,Alerta_33: Evento crítico detectado,2024-06-12 10:01:09.278283,Sensor_44,49
34,Alerta_34: Evento crítico detectado,2023-12-05 10:01:09.278283,Sensor_33,210
35,Alerta_35: Evento crítico detectado,2024-09-17 10:01:09.278283,Sensor_26,780
36,Alerta_36: Evento crítico detectado,2024-05-16 10:01:09.278283,Sensor_48,633
37,Alerta_37: Evento crítico detectado,2024-03-01 10:01:09.278283,Sensor_4,66
38,Alerta_38: Evento crítico detectado,2023-12-22 10:01:09.278283,Sensor_3,454
39,Alerta_39: Evento crítico detectado,2024-03-22 10:01:09.278283,Sensor_46,618
40,Alerta_40: Evento crítico detectado,2024-05-15 10:01:09.278283,Sensor_19,296
41,Alerta_41: Evento crítico detectado,2023-12-20 10:01:09.278283,Sensor_46,341
42,Alerta_42: Evento crítico detectado,2024-05-26 10:01:09.278283,Sensor_29,798
43,Alerta_43: Evento crítico detectado,2024-01-24 10:01:09.278283,Sensor_19,338
44,Alerta_44: Evento crítico detectado,2024-02-24 10:01:09.278283,Sensor_35,205
45,Alerta_45: Evento crítico detectado,2024-05-16 10:01:09.278283,Sensor_23,732
46,Alerta_46: Evento crítico detectado,2024-04-26 10:01:09.278283,Sensor_14,811
47,Alerta_47: Evento crítico detectado,2023-11-09 10:01:09.278283,Sensor_4,613
48,Alerta_48: Evento crítico detectado,2024-10-26 10:01:09.278283,Sensor_27,83
49,Alerta_49: Evento crítico detectado,2024-06-15 10:01:09.278283,Sensor_34,889
50,Alerta_50: Evento crítico detectado,2024-06-24 10:01:09.278283,Sensor_47,865
51,Alerta_51: Evento crítico detectado,2024-02-13 10:01:09.278283,Sensor_46,524
52,Alerta_52: Evento crítico detectado,2023-11-15 10:01:09.278283,Sensor_46,773
53,Alerta_53: Evento crítico detectado,2024-02-05 10:01:09.278283,Sensor_16,533
54,Alerta_54: Evento crítico detectado,2024-08-10 10:01:09.278283,Sensor_36,113
55,Alerta_55: Evento crítico detectado,2023-12-06 10:01:09.278283,Sensor_27,878
56,Alerta_56: Evento crítico detectado,2024-07-20 10:01:09.278283,Sensor_22,319
57,Alerta_57: Evento crítico detectado,2024-01-23 10:01:09.278283,Sensor_6,268
58,Alerta_58: Evento crítico detectado,2024-08-07 10:01:09.278283,Sensor_50,773
59,Alerta_59: Evento crítico detectado,2024-10-10 10:01:09.278283,Sensor_7,661
60,Alerta_60: Evento crítico detectado,2024-06-16 10:01:09.278283,Sensor_5,64
61,Alerta_61: Evento crítico detectado,2024-10-06 10:01:09.278283,Sensor_8,688
62,Alerta_62: Evento crítico detectado,2024-07-02 10:01:09.278283,Sensor_20,363
63,Alerta_63: Evento crítico detectado,2024-09-04 10:01:09.278283,Sensor_27,410
64,Alerta_64: Evento crítico detectado,2024-09-02 10:01:09.278283,Sensor_9,333
65,Alerta_65: Evento crítico detectado,2024-10-20 10:01:09.278283,Sensor_34,991
66,Alerta_66: Evento crítico detectado,2024-06-26 10:01:09.278283,Sensor_7,207
67,Alerta_67: Evento crítico detectado,2023-11-13 10:01:09.278283,Sensor_4,759
68,Alerta_68: Evento crítico detectado,2024-05-28 10:01:09.278283,Sensor_28,446
69,Alerta_69: Evento crítico detectado,2024-07-30 10:01:09.278283,Sensor_46,508
70,Alerta_70: Evento crítico detectado,2024-09-15 10:01:09.278283,Sensor_22,929
71,Alerta_71: Evento crítico detectado,2024-07-30 10:01:09.278283,Sensor_3,258
72,Alerta_72: Evento crítico detectado,2023-12-16 10:01:09.278283,Sensor_25,613
73,Alerta_73: Evento crítico detectado,2024-06-02 10:01:09.278283,Sensor_11,413
74,Alerta_74: Evento crítico detectado,2024-09-23 10:01:09.278283,Sensor_26,220
75,Alerta_75: Evento crítico detectado,2024-01-11 10:01:09.278283,Sensor_27,418
76,Alerta_76: Evento crítico detectado,2024-07-14 10:01:09.278283,Sensor_10,230
77,Alerta_77: Evento crítico detectado,2024-05-09 10:01:09.278283,Sensor_39,261
78,Alerta_78: Evento crítico detectado,2024-07-05 10:01:09.278283,Sensor_23,602
79,Alerta_79: Evento crítico detectado,2024-07-17 10:01:09.278283,Sensor_36,419
80,Alerta_80: Evento crítico detectado,2024-05-24 10:01:09.278283,Sensor_31,806
81,Alerta_81: Evento crítico detectado,2024-04-27 10:01:09.278283,Sensor_41,387
82,Alerta_82: Evento crítico detectado,2023-12-20 10:01:09.278283,Sensor_1,926
83,Alerta_83: Evento crítico detectado,2024-04-19 10:01:09.278283,Sensor_5,264
84,Alerta_84: Evento crítico detectado,2024-10-13 10:01:09.278283,Sensor_29,877
85,Alerta_85: Evento crítico detectado,2024-04-26 10:01:09.278283,Sensor_27,511
86,Alerta_86: Evento crítico detectado,2024-06-01 10:01:09.278283,Sensor_31,210
87,Alerta_87: Evento crítico detectado,2024-08-14 10:01:09.278283,Sensor_27,649
88,Alerta_88: Evento crítico detectado,2024-08-25 10:01:09.278283,Sensor_23,669
89,Alerta_89: Evento crítico detectado,2024-05-02 10:01:09.278283,Sensor_30,782
90,Alerta_90: Evento crítico detectado,2023-11-12 10:01:09.278283,Sensor_4,764
91,Alerta_91: Evento crítico detectado,2024-01-08 10:01:09.278283,Sensor_44,626
92,Alerta_92: Evento crítico detectado,2024-04-28 10:01:09.278283,Sensor_44,677
93,Alerta_93: Evento crítico detectado,2024-01-29 10:01:09.278283,Sensor_9,387
94,Alerta_94: Evento crítico detectado,2024-03-27 10:01:09.278283,Sensor_6,72
95,Alerta_95: Evento crítico detectado,2023-11-05 10:01:09.278283,Sensor_39,911
96,Alerta_96: Evento crítico detectado,2024-07-30 10:01:09.278283,Sensor_33,141
97,Alerta_97: Evento crítico detectado,2024-05-06 10:01:09.278283,Sensor_10,666
98,Alerta_98: Evento crítico detectado,2023-11-01 10:01:09.278283,Sensor_25,271
99,Alerta_99: Evento crítico detectado,2024-06-30 10:01:09.278283,Sensor_23,867
100,Alerta_100: Evento crítico detectado,2024-06-07 10:01:09.278283,Sensor_31,939
101,Alerta_101: Evento crítico detectado,2024-02-24 10:01:09.278283,Sensor_46,956
102,Alerta_102: Evento crítico detectado,2024-08-04 10:01:09.278283,Sensor_12,816
103,Alerta_103: Evento crítico detectado,2024-03-30 10:01:09.278283,Sensor_40,916
104,Alerta_104: Evento crítico detectado,2024-02-28 10:01:09.278283,Sensor_27,956
105,Alerta_105: Evento crítico detectado,2024-06-17 10:01:09.278283,Sensor_10,617
106,Alerta_106: Evento crítico detectado,2024-02-29 10:01:09.278283,Sensor_14,735
107,Alerta_107: Evento crítico detectado,2024-03-16 10:01:09.278283,Sensor_50,920
108,Alerta_108: Evento crítico detectado,2024-03-08 10:01:09.278283,Sensor_45,748
109,Alerta_109: Evento crítico detectado,2024-05-23 10:01:09.278283,Sensor_46,967
110,Alerta_110: Evento crítico detectado,2024-09-07 10:01:09.278283,Sensor_6,366
111,Alerta_111: Evento crítico detectado,2024-08-01 10:01:09.278283,Sensor_31,194
112,Alerta_112: Evento crítico detectado,2024-02-03 10:01:09.278283,Sensor_42,612
113,Alerta_113: Evento crítico detectado,2024-03-14 10:01:09.278283,Sensor_40,229
114,Alerta_114: Evento crítico detectado,2024-08-14 10:01:09.278283,Sensor_22,305
115,Alerta_115: Evento crítico detectado,2024-05-29 10:01:09.278283,Sensor_22,784
116,Alerta_116: Evento crítico detectado,2023-11-22 10:01:09.278283,Sensor_27,316
117,Alerta_117: Evento crítico detectado,2023-11-24 10:01:09.278283,Sensor_29,912
118,Alerta_118: Evento crítico detectado,2024-04-30 10:01:09.278283,Sensor_8,373
119,Alerta_119: Evento crítico detectado,2024-08-30 10:01:09.278283,Sensor_38,669
120,Alerta_120: Evento crítico detectado,2024-03-19 10:01:09.278283,Sensor_19,81
121,Alerta_121: Evento crítico detectado,2024-08-03 10:01:09.278283,Sensor_29,56
122,Alerta_122: Evento crítico detectado,2024-04-15 10:01:09.278283,Sensor_30,616
123,Alerta_123: Evento crítico detectado,2023-12-11 10:01:09.278283,Sensor_28,157
124,Alerta_124: Evento crítico detectado,2024-02-22 10:01:09.278283,Sensor_35,163
125,Alerta_125: Evento crítico detectado,2024-04-15 10:01:09.278283,Sensor_43,415
126,Alerta_126: Evento crítico detectado,2024-05-14 10:01:09.278283,Sensor_16,158
127,Alerta_127: Evento crítico detectado,2024-02-24 10:01:09.278283,Sensor_28,961
128,Alerta_128: Evento crítico detectado,2024-08-29 10:01:09.278283,Sensor_8,679
129,Alerta_129: Evento crítico detectado,2024-04-18 10:01:09.278283,Sensor_20,639
130,Alerta_130: Evento crítico detectado,2024-07-11 10:01:09.278283,Sensor_37,191
131,Alerta_131: Evento crítico detectado,2024-10-03 10:01:09.278283,Sensor_36,15
132,Alerta_132: Evento crítico detectado,2024-04-14 10:01:09.278283,Sensor_29,259
133,Alerta_133: Evento crítico detectado,2023-12-18 10:01:09.278283,Sensor_29,254
134,Alerta_134: Evento crítico detectado,2024-10-23 10:01:09.278283,Sensor_1,233
135,Alerta_135: Evento crítico detectado,2024-03-26 10:01:09.278283,Sensor_19,50
136,Alerta_136: Evento crítico detectado,2024-04-16 10:01:09.278283,Sensor_26,391
137,Alerta_137: Evento crítico detectado,2024-04-03 10:01:09.278283,Sensor_29,11
138,Alerta_138: Evento crítico detectado,2024-03-27 10:01:09.278283,Sensor_11,811
139,Alerta_139: Evento crítico detectado,2024-09-03 10:01:09.278283,Sensor_4,377
140,Alerta_140: Evento crítico detectado,2024-06-06 10:01:09.278283,Sensor_17,938
141,Alerta_141: Evento crítico detectado,2024-08-14 10:01:09.278283,Sensor_32,377
142,Alerta_142: Evento crítico detectado,2024-05-07 10:01:09.278283,Sensor_50,265
143,Alerta_143: Evento crítico detectado,2024-02-11 10:01:09.278283,Sensor_9,951
144,Alerta_144: Evento crítico detectado,2024-09-03 10:01:09.278283,Sensor_13,636
145,Alerta_145: Evento crítico detectado,2024-08-24 10:01:09.278283,Sensor_48,588
146,Alerta_146: Evento crítico detectado,2024-07-05 10:01:09.278283,Sensor_35,2
147,Alerta_147: Evento crítico detectado,2024-05-21 10:01:09.278283,Sensor_17,355
148,Alerta_148: Evento crítico detectado,2024-07-30 10:01:09.278283,Sensor_8,221
149,Alerta_149: Evento crítico detectado,2024-03-16 10:01:09.278283,Sensor_22,903
150,Alerta_150: Evento crítico detectado,2024-08-23 10:01:09.278283,Sensor_34,995
151,Alerta_151: Evento crítico detectado,2023-11-20 10:01:09.278283,Sensor_36,260
152,Alerta_152: Evento crítico detectado,2024-06-15 10:01:09.278283,Sensor_18,602
153,Alerta_153: Evento crítico detectado,2024-08-20 10:01:09.278283,Sensor_5,437
154,Alerta_154: Evento crítico detectado,2024-01-18 10:01:09.278283,Sensor_27,71
155,Alerta_155: Evento crítico detectado,2024-06-21 10:01:09.278283,Sensor_32,290
156,Alerta_156: Evento crítico detectado,2024-09-24 10:01:09.278283,Sensor_38,956
157,Alerta_157: Evento crítico detectado,2024-01-30 10:01:09.278283,Sensor_10,401
158,Alerta_158: Evento crítico detectado,2024-06-17 10:01:09.278283,Sensor_2,598
159,Alerta_159: Evento crítico detectado,2024-10-05 10:01:09.278283,Sensor_26,775
160,Alerta_160: Evento crítico detectado,2024-07-19 10:01:09.278283,Sensor_31,213
161,Alerta_161: Evento crítico detectado,2023-12-27 10:01:09.278283,Sensor_44,987
162,Alerta_162: Evento crítico detectado,2023-12-30 10:01:09.278283,Sensor_47,839
163,Alerta_163: Evento crítico detectado,2024-06-11 10:01:09.278283,Sensor_47,672
164,Alerta_164: Evento crítico detectado,2024-03-21 10:01:09.278283,Sensor_24,999
165,Alerta_165: Evento crítico detectado,2024-04-08 10:01:09.278283,Sensor_39,7
166,Alerta_166: Evento crítico detectado,2024-09-27 10:01:09.278283,Sensor_29,402
167,Alerta_167: Evento crítico detectado,2024-07-29 10:01:09.278283,Sensor_43,639
168,Alerta_168: Evento crítico detectado,2024-03-23 10:01:09.278283,Sensor_42,578
169,Alerta_169: Evento crítico detectado,2024-01-08 10:01:09.278283,Sensor_6,632
170,Alerta_170: Evento crítico detectado,2023-12-29 10:01:09.278283,Sensor_28,22
171,Alerta_171: Evento crítico detectado,2024-04-14 10:01:09.278283,Sensor_40,821
172,Alerta_172: Evento crítico detectado,2023-11-26 10:01:09.278283,Sensor_30,979
173,Alerta_173: Evento crítico detectado,2024-01-01 10:01:09.278283,Sensor_37,250
174,Alerta_174: Evento crítico detectado,2023-12-23 10:01:09.278283,Sensor_35,59
175,Alerta_175: Evento crítico detectado,2024-07-22 10:01:09.278283,Sensor_19,522
176,Alerta_176: Evento crítico detectado,2024-04-13 10:01:09.278283,Sensor_36,105
177,Alerta_177: Evento crítico detectado,2024-04-21 10:01:09.278283,Sensor_12,845
178,Alerta_178: Evento crítico detectado,2024-05-06 10:01:09.278283,Sensor_40,377
179,Alerta_179: Evento crítico detectado,2024-01-21 10:01:09.278283,Sensor_37,299
180,Alerta_180: Evento crítico detectado,2023-11-09 10:01:09.278283,Sensor_49,970
181,Alerta_181: Evento crítico detectado,2023-12-07 10:01:09.278283,Sensor_44,121
182,Alerta_182: Evento crítico detectado,2024-08-25 10:01:09.278283,Sensor_4,578
183,Alerta_183: Evento crítico detectado,2024-06-21 10:01:09.278283,Sensor_14,233
184,Alerta_184: Evento crítico detectado,2024-02-07 10:01:09.278283,Sensor_21,189
185,Alerta_185: Evento crítico detectado,2024-01-30 10:01:09.278283,Sensor_4,226
186,Alerta_186: Evento crítico detectado,2023-11-20 10:01:09.278283,Sensor_1,562
187,Alerta_187: Evento crítico detectado,2024-07-16 10:01:09.278283,Sensor_21,455
188,Alerta_188: Evento crítico detectado,2024-02-02 10:01:09.278283,Sensor_35,718
189,Alerta_189: Evento crítico detectado,2024-07-28 10:01:09.278283,Sensor_9,702
190,Alerta_190: Evento crítico detectado,2024-04-13 10:01:09.278283,Sensor_50,706
191,Alerta_191: Evento crítico detectado,2024-08-02 10:01:09.278283,Sensor_30,702
192,Alerta_192: Evento crítico detectado,2024-09-12 10:01:09.278283,Sensor_47,883
193,Alerta_193: Evento crítico detectado,2023-11-02 10:01:09.278283,Sensor_31,370
194,Alerta_194: Evento crítico detectado,2024-10-03 10:01:09.278283,Sensor_3,218
195,Alerta_195: Evento crítico detectado,2023-11-19 10:01:09.278283,Sensor_35,631
196,Alerta_196: Evento crítico detectado,2024-03-31 10:01:09.278283,Sensor_37,806
197,Alerta_197: Evento crítico detectado,2024-05-30 10:01:09.278283,Sensor_28,11
198,Alerta_198: Evento crítico detectado,2024-09-14 10:01:09.278283,Sensor_16,43
199,Alerta_199: Evento crítico detectado,2023-11-01 10:01:09.278283,Sensor_22,67
200,Alerta_200: Evento crítico detectado,2024-10-24 10:01:09.278283,Sensor_6,241
201,Alerta_201: Evento crítico detectado,2024-05-26 10:01:09.278283,Sensor_25,487
202,Alerta_202: Evento crítico detectado,2024-10-26 10:01:09.278283,Sensor_21,46
203,Alerta_203: Evento crítico detectado,2024-02-01 10:01:09.278283,Sensor_29,254
204,Alerta_204: Evento crítico detectado,2024-02-29 10:01:09.278283,Sensor_48,160
205,Alerta_205: Evento crítico detectado,2024-04-09 10:01:09.278283,Sensor_7,35
206,Alerta_206: Evento crítico detectado,2024-01-03 10:01:09.278283,Sensor_16,205
207,Alerta_207: Evento crítico detectado,2024-10-15 10:01:09.278283,Sensor_32,607
208,Alerta_208: Evento crítico detectado,2023-12-31 10:01:09.278283,Sensor_27,144
209,Alerta_209: Evento crítico detectado,2024-04-27 10:01:09.278283,Sensor_11,438
210,Alerta_210: Evento crítico detectado,2024-06-07 10:01:09.278283,Sensor_33,547
211,Alerta_211: Evento crítico detectado,2024-10-21 10:01:09.278283,Sensor_39,20
212,Alerta_212: Evento crítico detectado,2024-09-17 10:01:09.278283,Sensor_10,796
213,Alerta_213: Evento crítico detectado,2024-05-20 10:01:09.278283,Sensor_38,284
214,Alerta_214: Evento crítico detectado,2024-08-26 10:01:09.278283,Sensor_35,582
215,Alerta_215: Evento crítico detectado,2024-05-04 10:01:09.278283,Sensor_25,859
216,Alerta_216: Evento crítico detectado,2024-10-11 10:01:09.278283,Sensor_12,527
217,Alerta_217: Evento crítico detectado,2024-01-18 10:01:09.278283,Sensor_8,901
218,Alerta_218: Evento crítico detectado,2024-10-26 10:01:09.278283,Sensor_10,945
219,Alerta_219: Evento crítico detectado,2024-09-22 10:01:09.278283,Sensor_43,334
220,Alerta_220: Evento crítico detectado,2024-07-17 10:01:09.278283,Sensor_16,860
221,Alerta_221: Evento crítico detectado,2024-02-16 10:01:09.278283,Sensor_21,685
222,Alerta_222: Evento crítico detectado,2024-01-15 10:01:09.278283,Sensor_9,157
223,Alerta_223: Evento crítico detectado,2024-07-11 10:01:09.278283,Sensor_37,581
224,Alerta_224: Evento crítico detectado,2024-05-11 10:01:09.278283,Sensor_32,673
225,Alerta_225: Evento crítico detectado,2024-04-25 10:01:09.278283,Sensor_9,646
226,Alerta_226: Evento crítico detectado,2024-07-16 10:01:09.278283,Sensor_25,674
227,Alerta_227: Evento crítico detectado,2024-08-03 10:01:09.278283,Sensor_38,346
228,Alerta_228: Evento crítico detectado,2023-11-25 10:01:09.278283,Sensor_10,746
229,Alerta_229: Evento crítico detectado,2024-08-22 10:01:09.278283,Sensor_18,487
230,Alerta_230: Evento crítico detectado,2024-08-27 10:01:09.278283,Sensor_32,373
231,Alerta_231: Evento crítico detectado,2024-01-17 10:01:09.278283,Sensor_42,984
232,Alerta_232: Evento crítico detectado,2024-10-29 10:01:09.278283,Sensor_47,250
233,Alerta_233: Evento crítico detectado,2023-12-19 10:01:09.278283,Sensor_20,953
234,Alerta_234: Evento crítico detectado,2024-03-18 10:01:09.278283,Sensor_30,360
235,Alerta_235: Evento crítico detectado,2024-02-12 10:01:09.278283,Sensor_4,317
236,Alerta_236: Evento crítico detectado,2024-05-12 10:01:09.278283,Sensor_26,979
237,Alerta_237: Evento crítico detectado,2024-10-07 10:01:09.278283,Sensor_25,784
238,Alerta_238: Evento crítico detectado,2024-05-08 10:01:09.278283,Sensor_31,315
239,Alerta_239: Evento crítico detectado,2024-03-20 10:01:09.278283,Sensor_25,186
240,Alerta_240: Evento crítico detectado,2024-06-26 10:01:09.278283,Sensor_48,594
241,Alerta_241: Evento crítico detectado,2024-05-12 10:01:09.278283,Sensor_49,557
242,Alerta_242: Evento crítico detectado,2024-08-07 10:01:09.278283,Sensor_21,490
243,Alerta_243: Evento crítico detectado,2024-04-23 10:01:09.278283,Sensor_50,415
244,Alerta_244: Evento crítico detectado,2024-05-23 10:01:09.278283,Sensor_49,200
245,Alerta_245: Evento crítico detectado,2024-04-14 10:01:09.278283,Sensor_36,34
246,Alerta_246: Evento crítico detectado,2024-07-27 10:01:09.278283,Sensor_12,443
247,Alerta_247: Evento crítico detectado,2024-05-08 10:01:09.278283,Sensor_14,232
248,Alerta_248: Evento crítico detectado,2024-02-14 10:01:09.278283,Sensor_22,553
249,Alerta_249: Evento crítico detectado,2024-07-11 10:01:09.278283,Sensor_39,115
250,Alerta_250: Evento crítico detectado,2024-10-20 10:01:09.278283,Sensor_31,820
251,Alerta_251: Evento crítico detectado,2024-01-06 10:01:09.278283,Sensor_4,386
252,Alerta_252: Evento crítico detectado,2024-03-28 10:01:09.278283,Sensor_7,219
253,Alerta_253: Evento crítico detectado,2024-01-16 10:01:09.278283,Sensor_36,660
254,Alerta_254: Evento crítico detectado,2024-08-07 10:01:09.278283,Sensor_17,610
255,Alerta_255: Evento crítico detectado,2024-07-05 10:01:09.278283,Sensor_23,899
256,Alerta_256: Evento crítico detectado,2024-08-04 10:01:09.278283,Sensor_10,921
257,Alerta_257: Evento crítico detectado,2024-04-20 10:01:09.278283,Sensor_48,470
258,Alerta_258: Evento crítico detectado,2024-07-05 10:01:09.278283,Sensor_18,353
259,Alerta_259: Evento crítico detectado,2024-10-20 10:01:09.278283,Sensor_30,78
260,Alerta_260: Evento crítico detectado,2023-11-04 10:01:09.278283,Sensor_38,514
261,Alerta_261: Evento crítico detectado,2024-07-30 10:01:09.278283,Sensor_9,142
262,Alerta_262: Evento crítico detectado,2024-09-03 10:01:09.278283,Sensor_37,722
263,Alerta_263: Evento crítico detectado,2024-02-18 10:01:09.278283,Sensor_39,62
264,Alerta_264: Evento crítico detectado,2024-05-09 10:01:09.278283,Sensor_17,897
265,Alerta_265: Evento crítico detectado,2024-09-04 10:01:09.278283,Sensor_48,359
266,Alerta_266: Evento crítico detectado,2024-09-02 10:01:09.278283,Sensor_16,708
267,Alerta_267: Evento crítico detectado,2024-06-09 10:01:09.278283,Sensor_48,787
268,Alerta_268: Evento crítico detectado,2024-09-02 10:01:09.278283,Sensor_14,428
269,Alerta_269: Evento crítico detectado,2024-06-15 10:01:09.278283,Sensor_46,459
270,Alerta_270: Evento crítico detectado,2024-02-29 10:01:09.278283,Sensor_38,1000
271,Alerta_271: Evento crítico detectado,2024-03-03 10:01:09.278283,Sensor_46,165
272,Alerta_272: Evento crítico detectado,2024-02-15 10:01:09.278283,Sensor_48,915
273,Alerta_273: Evento crítico detectado,2024-07-04 10:01:09.278283,Sensor_9,612
274,Alerta_274: Evento crítico detectado,2024-04-26 10:01:09.278283,Sensor_7,60
275,Alerta_275: Evento crítico detectado,2024-03-21 10:01:09.278283,Sensor_14,143
276,Alerta_276: Evento crítico detectado,2024-04-24 10:01:09.278283,Sensor_48,678
277,Alerta_277: Evento crítico detectado,2023-10-30 10:01:09.278283,Sensor_41,644
278,Alerta_278: Evento crítico detectado,2024-07-12 10:01:09.278283,Sensor_18,155
279,Alerta_279: Evento crítico detectado,2023-11-28 10:01:09.278283,Sensor_1,232
280,Alerta_280: Evento crítico detectado,2024-09-09 10:01:09.278283,Sensor_34,93
281,Alerta_281: Evento crítico detectado,2024-10-13 10:01:09.278283,Sensor_32,516
282,Alerta_282: Evento crítico detectado,2024-04-20 10:01:09.278283,Sensor_37,70
283,Alerta_283: Evento crítico detectado,2024-06-25 10:01:09.278283,Sensor_46,11
284,Alerta_284: Evento crítico detectado,2024-06-15 10:01:09.278283,Sensor_28,774
285,Alerta_285: Evento crítico detectado,2024-07-20 10:01:09.278283,Sensor_12,148
286,Alerta_286: Evento crítico detectado,2024-06-15 10:01:09.278283,Sensor_29,787
287,Alerta_287: Evento crítico detectado,2024-10-02 10:01:09.278283,Sensor_6,75
288,Alerta_288: Evento crítico detectado,2024-08-17 10:01:09.278283,Sensor_28,10
289,Alerta_289: Evento crítico detectado,2023-11-21 10:01:09.278283,Sensor_16,926
290,Alerta_290: Evento crítico detectado,2024-02-29 10:01:09.278283,Sensor_26,151
291,Alerta_291: Evento crítico detectado,2024-01-07 10:01:09.278283,Sensor_25,895
292,Alerta_292: Evento crítico detectado,2024-01-26 10:01:09.278283,Sensor_42,428
293,Alerta_293: Evento crítico detectado,2023-11-09 10:01:09.278283,Sensor_2,46
294,Alerta_294: Evento crítico detectado,2024-04-08 10:01:09.278283,Sensor_23,647
295,Alerta_295: Evento crítico detectado,2024-05-22 10:01:09.278283,Sensor_31,50
296,Alerta_296: Evento crítico detectado,2023-11-15 10:01:09.278283,Sensor_46,271
297,Alerta_297: Evento crítico detectado,2024-07-18 10:01:09.278283,Sensor_16,6
298,Alerta_298: Evento crítico detectado,2024-07-17 10:01:09.278283,Sensor_33,106
299,Alerta_299: Evento crítico detectado,2024-10-26 10:01:09.278283,Sensor_10,274
300,Alerta_300: Evento crítico detectado,2024-01-06 10:01:09.278283,Sensor_27,834
301,Alerta_301: Evento crítico detectado,2024-10-13 10:01:09.278283,Sensor_9,311
302,Alerta_302: Evento crítico detectado,2023-12-09 10:01:09.278283,Sensor_27,433
303,Alerta_303: Evento crítico detectado,2024-01-13 10:01:09.278283,Sensor_9,562
304,Alerta_304: Evento crítico detectado,2024-04-26 10:01:09.278283,Sensor_39,606
305,Alerta_305: Evento crítico detectado,2024-10-01 10:01:09.278283,Sensor_36,71
306,Alerta_306: Evento crítico detectado,2024-09-17 10:01:09.278283,Sensor_26,227
307,Alerta_307: Evento crítico detectado,2024-03-13 10:01:09.278283,Sensor_17,577
308,Alerta_308: Evento crítico detectado,2024-08-08 10:01:09.278283,Sensor_26,524
309,Alerta_309: Evento crítico detectado,2024-05-14 10:01:09.278283,Sensor_35,334
310,Alerta_310: Evento crítico detectado,2024-04-27 10:01:09.278283,Sensor_18,615
311,Alerta_311: Evento crítico detectado,2024-07-11 10:01:09.278283,Sensor_27,390
312,Alerta_312: Evento crítico detectado,2024-02-25 10:01:09.278283,Sensor_49,675
313,Alerta_313: Evento crítico detectado,2024-06-19 10:01:09.278283,Sensor_9,538
314,Alerta_314: Evento crítico detectado,2023-12-27 10:01:09.278283,Sensor_13,466
315,Alerta_315: Evento crítico detectado,2024-05-07 10:01:09.278283,Sensor_43,592
316,Alerta_316: Evento crítico detectado,2024-05-16 10:01:09.278283,Sensor_7,407
317,Alerta_317: Evento crítico detectado,2023-12-25 10:01:09.278283,Sensor_15,274
318,Alerta_318: Evento crítico detectado,2024-03-30 10:01:09.278283,Sensor_6,82
319,Alerta_319: Evento crítico detectado,2024-04-07 10:01:09.278283,Sensor_44,643
320,Alerta_320: Evento crítico detectado,2024-03-12 10:01:09.278283,Sensor_10,801
321,Alerta_321: Evento crítico detectado,2024-04-18 10:01:09.278283,Sensor_2,636
322,Alerta_322: Evento crítico detectado,2024-04-03 10:01:09.278283,Sensor_18,836
323,Alerta_323: Evento crítico detectado,2024-04-16 10:01:09.278283,Sensor_34,882
324,Alerta_324: Evento crítico detectado,2024-07-30 10:01:09.278283,Sensor_28,99
325,Alerta_325: Evento crítico detectado,2024-06-09 10:01:09.278283,Sensor_48,78
326,Alerta_326: Evento crítico detectado,2024-07-19 10:01:09.278283,Sensor_7,377
327,Alerta_327: Evento crítico detectado,2023-12-12 10:01:09.278283,Sensor_41,432
328,Alerta_328: Evento crítico detectado,2024-10-19 10:01:09.278283,Sensor_45,313
329,Alerta_329: Evento crítico detectado,2024-02-20 10:01:09.278283,Sensor_2,770
330,Alerta_330: Evento crítico detectado,2024-09-04 10:01:09.278283,Sensor_29,157
331,Alerta_331: Evento crítico detectado,2024-07-22 10:01:09.278283,Sensor_6,824
332,Alerta_332: Evento crítico detectado,2024-06-14 10:01:09.278283,Sensor_7,257
333,Alerta_333: Evento crítico detectado,2024-05-29 10:01:09.278283,Sensor_28,702
334,Alerta_334: Evento crítico detectado,2024-09-30 10:01:09.278283,Sensor_32,731
335,Alerta_335: Evento crítico detectado,2024-09-22 10:01:09.278283,Sensor_15,406
336,Alerta_336: Evento crítico detectado,2024-10-07 10:01:09.278283,Sensor_47,883
337,Alerta_337: Evento crítico detectado,2024-07-01 10:01:09.278283,Sensor_6,288
338,Alerta_338: Evento crítico detectado,2024-01-01 10:01:09.278283,Sensor_8,437
339,Alerta_339: Evento crítico detectado,2024-09-26 10:01:09.278283,Sensor_27,575
340,Alerta_340: Evento crítico detectado,2023-11-10 10:01:09.278283,Sensor_29,327
341,Alerta_341: Evento crítico detectado,2024-10-19 10:01:09.278283,Sensor_14,334
342,Alerta_342: Evento crítico detectado,2023-11-11 10:01:09.278283,Sensor_38,211
343,Alerta_343: Evento crítico detectado,2024-07-26 10:01:09.278283,Sensor_2,983
344,Alerta_344: Evento crítico detectado,2024-01-30 10:01:09.278283,Sensor_20,773
345,Alerta_345: Evento crítico detectado,2024-05-06 10:01:09.278283,Sensor_25,928
346,Alerta_346: Evento crítico detectado,2024-04-21 10:01:09.278283,Sensor_1,292
347,Alerta_347: Evento crítico detectado,2023-11-24 10:01:09.278283,Sensor_22,545
348,Alerta_348: Evento crítico detectado,2023-12-25 10:01:09.278283,Sensor_8,167
349,Alerta_349: Evento crítico detectado,2024-01-06 10:01:09.278283,Sensor_32,215
350,Alerta_350: Evento crítico detectado,2024-10-24 10:01:09.278283,Sensor_41,459
351,Alerta_351: Evento crítico detectado,2023-12-28 10:01:09.278283,Sensor_44,430
352,Alerta_352: Evento crítico detectado,2024-05-05 10:01:09.278283,Sensor_15,694
353,Alerta_353: Evento crítico detectado,2024-08-01 10:01:09.278283,Sensor_16,203
354,Alerta_354: Evento crítico detectado,2024-05-17 10:01:09.278283,Sensor_39,632
355,Alerta_355: Evento crítico detectado,2024-03-22 10:01:09.278283,Sensor_48,350
356,Alerta_356: Evento crítico detectado,2024-03-01 10:01:09.278283,Sensor_27,343
357,Alerta_357: Evento crítico detectado,2024-09-08 10:01:09.278283,Sensor_36,736
358,Alerta_358: Evento crítico detectado,2024-10-01 10:01:09.278283,Sensor_39,642
359,Alerta_359: Evento crítico detectado,2024-03-02 10:01:09.278283,Sensor_8,494
360,Alerta_360: Evento crítico detectado,2024-09-29 10:01:09.278283,Sensor_4,836
361,Alerta_361: Evento crítico detectado,2024-09-02 10:01:09.278283,Sensor_44,680
362,Alerta_362: Evento crítico detectado,2023-12-14 10:01:09.278283,Sensor_38,752
363,Alerta_363: Evento crítico detectado,2023-11-25 10:01:09.278283,Sensor_40,61
364,Alerta_364: Evento crítico detectado,2023-11-09 10:01:09.278283,Sensor_40,64
365,Alerta_365: Evento crítico detectado,2024-08-20 10:01:09.278283,Sensor_45,704
366,Alerta_366: Evento crítico detectado,2024-05-28 10:01:09.278283,Sensor_45,786
367,Alerta_367: Evento crítico detectado,2024-06-29 10:01:09.278283,Sensor_18,572
368,Alerta_368: Evento crítico detectado,2024-09-22 10:01:09.278283,Sensor_47,57
369,Alerta_369: Evento crítico detectado,2024-04-10 10:01:09.278283,Sensor_44,906
370,Alerta_370: Evento crítico detectado,2024-03-31 10:01:09.278283,Sensor_40,151
371,Alerta_371: Evento crítico detectado,2024-04-15 10:01:09.278283,Sensor_23,931
372,Alerta_372: Evento crítico detectado,2024-08-08 10:01:09.278283,Sensor_7,250
373,Alerta_373: Evento crítico detectado,2024-04-17 10:01:09.278283,Sensor_36,714
374,Alerta_374: Evento crítico detectado,2024-08-09 10:01:09.278283,Sensor_23,713
375,Alerta_375: Evento crítico detectado,2024-03-16 10:01:09.278283,Sensor_44,526
376,Alerta_376: Evento crítico detectado,2024-09-29 10:01:09.278283,Sensor_4,7
377,Alerta_377: Evento crítico detectado,2024-05-02 10:01:09.278283,Sensor_18,227
378,Alerta_378: Evento crítico detectado,2024-05-06 10:01:09.278283,Sensor_27,364
379,Alerta_379: Evento crítico detectado,2024-01-06 10:01:09.278283,Sensor_29,338
380,Alerta_380: Evento crítico detectado,2024-08-01 10:01:09.278283,Sensor_31,323
381,Alerta_381: Evento crítico detectado,2024-10-11 10:01:09.278283,Sensor_2,123
382,Alerta_382: Evento crítico detectado,2024-05-08 10:01:09.278283,Sensor_3,183
383,Alerta_383: Evento crítico detectado,2024-07-28 10:01:09.278283,Sensor_14,245
384,Alerta_384: Evento crítico detectado,2024-07-27 10:01:09.278283,Sensor_46,853
385,Alerta_385: Evento crítico detectado,2024-05-05 10:01:09.278283,Sensor_25,518
386,Alerta_386: Evento crítico detectado,2024-10-25 10:01:09.278283,Sensor_17,168
387,Alerta_387: Evento crítico detectado,2024-02-04 10:01:09.278283,Sensor_41,796
388,Alerta_388: Evento crítico detectado,2024-04-24 10:01:09.278283,Sensor_37,118
389,Alerta_389: Evento crítico detectado,2023-12-23 10:01:09.278283,Sensor_24,728
390,Alerta_390: Evento crítico detectado,2024-06-02 10:01:09.278283,Sensor_35,443
391,Alerta_391: Evento crítico detectado,2023-11-23 10:01:09.278283,Sensor_40,862
392,Alerta_392: Evento crítico detectado,2024-10-14 10:01:09.278283,Sensor_31,112
393,Alerta_393: Evento crítico detectado,2024-02-06 10:01:09.278283,Sensor_24,331
394,Alerta_394: Evento crítico detectado,2023-11-27 10:01:09.278283,Sensor_12,892
395,Alerta_395: Evento crítico detectado,2024-05-30 10:01:09.278283,Sensor_15,504
396,Alerta_396: Evento crítico detectado,2024-05-21 10:01:09.278283,Sensor_2,890
397,Alerta_397: Evento crítico detectado,2024-08-26 10:01:09.278283,Sensor_24,79
398,Alerta_398: Evento crítico detectado,2023-11-18 10:01:09.278283,Sensor_35,445
399,Alerta_399: Evento crítico detectado,2024-06-23 10:01:09.278283,Sensor_21,296
400,Alerta_400: Evento crítico detectado,2023-11-23 10:01:09.278283,Sensor_36,861
401,Alerta_401: Evento crítico detectado,2024-05-27 10:01:09.278283,Sensor_15,892
402,Alerta_402: Evento crítico detectado,2024-03-09 10:01:09.278283,Sensor_10,343
403,Alerta_403: Evento crítico detectado,2024-01-18 10:01:09.278283,Sensor_25,892
404,Alerta_404: Evento crítico detectado,2024-03-10 10:01:09.278283,Sensor_9,639
405,Alerta_405: Evento crítico detectado,2024-03-31 10:01:09.278283,Sensor_44,464
406,Alerta_406: Evento crítico detectado,2024-06-23 10:01:09.278283,Sensor_9,287
407,Alerta_407: Evento crítico detectado,2024-08-14 10:01:09.278283,Sensor_28,160
408,Alerta_408: Evento crítico detectado,2024-02-25 10:01:09.278283,Sensor_43,73
409,Alerta_409: Evento crítico detectado,2023-12-26 10:01:09.278283,Sensor_46,729
410,Alerta_410: Evento crítico detectado,2024-10-12 10:01:09.278283,Sensor_41,184
411,Alerta_411: Evento crítico detectado,2023-11-01 10:01:09.278283,Sensor_23,351
412,Alerta_412: Evento crítico detectado,2023-12-15 10:01:09.278283,Sensor_48,480
413,Alerta_413: Evento crítico detectado,2024-02-14 10:01:09.278283,Sensor_42,601
414,Alerta_414: Evento crítico detectado,2024-05-19 10:01:09.278283,Sensor_44,209
415,Alerta_415: Evento crítico detectado,2024-01-09 10:01:09.278283,Sensor_50,530
416,Alerta_416: Evento crítico detectado,2024-10-13 10:01:09.278283,Sensor_16,471
417,Alerta_417: Evento crítico detectado,2024-09-26 10:01:09.278283,Sensor_5,884
418,Alerta_418: Evento crítico detectado,2024-01-27 10:01:09.278283,Sensor_1,918
419,Alerta_419: Evento crítico detectado,2024-03-19 10:01:09.278283,Sensor_19,381
420,Alerta_420: Evento crítico detectado,2023-12-17 10:01:09.278283,Sensor_50,748
421,Alerta_421: Evento crítico detectado,2024-06-20 10:01:09.278283,Sensor_39,602
422,Alerta_422: Evento crítico detectado,2024-09-22 10:01:09.278283,Sensor_1,472
423,Alerta_423: Evento crítico detectado,2024-10-10 10:01:09.278283,Sensor_15,810
424,Alerta_424: Evento crítico detectado,2023-12-09 10:01:09.278283,Sensor_37,634
425,Alerta_425: Evento crítico detectado,2024-09-14 10:01:09.278283,Sensor_9,455
426,Alerta_426: Evento crítico detectado,2024-04-08 10:01:09.278283,Sensor_5,37
427,Alerta_427: Evento crítico detectado,2024-05-20 10:01:09.278283,Sensor_2,960
428,Alerta_428: Evento crítico detectado,2023-12-19 10:01:09.278283,Sensor_44,598
429,Alerta_429: Evento crítico detectado,2024-04-25 10:01:09.278283,Sensor_5,655
430,Alerta_430: Evento crítico detectado,2024-07-17 10:01:09.278283,Sensor_22,30
431,Alerta_431: Evento crítico detectado,2024-03-15 10:01:09.278283,Sensor_12,758
432,Alerta_432: Evento crítico detectado,2023-11-16 10:01:09.278283,Sensor_46,413
433,Alerta_433: Evento crítico detectado,2024-03-02 10:01:09.278283,Sensor_40,746
434,Alerta_434: Evento crítico detectado,2024-06-26 10:01:09.278283,Sensor_20,363
435,Alerta_435: Evento crítico detectado,2023-12-16 10:01:09.278283,Sensor_30,861
436,Alerta_436: Evento crítico detectado,2024-01-20 10:01:09.278283,Sensor_48,857
437,Alerta_437: Evento crítico detectado,2023-11-24 10:01:09.278283,Sensor_14,686
438,Alerta_438: Evento crítico detectado,2024-08-24 10:01:09.278283,Sensor_39,896
439,Alerta_439: Evento crítico detectado,2024-07-21 10:01:09.278283,Sensor_27,872
440,Alerta_440: Evento crítico detectado,2024-09-10 10:01:09.278283,Sensor_19,380
441,Alerta_441: Evento crítico detectado,2024-06-18 10:01:09.278283,Sensor_44,753
442,Alerta_442: Evento crítico detectado,2024-01-17 10:01:09.278283,Sensor_5,764
443,Alerta_443: Evento crítico detectado,2023-12-14 10:01:09.278283,Sensor_45,900
444,Alerta_444: Evento crítico detectado,2023-12-22 10:01:09.278283,Sensor_46,139
445,Alerta_445: Evento crítico detectado,2024-10-29 10:01:09.278283,Sensor_21,148
446,Alerta_446: Evento crítico detectado,2024-05-31 10:01:09.278283,Sensor_48,204
447,Alerta_447: Evento crítico detectado,2024-02-01 10:01:09.278283,Sensor_15,186
448,Alerta_448: Evento crítico detectado,2024-05-23 10:01:09.278283,Sensor_5,507
449,Alerta_449: Evento crítico detectado,2024-10-25 10:01:09.278283,Sensor_14,450
450,Alerta_450: Evento crítico detectado,2024-05-29 10:01:09.278283,Sensor_33,556
451,Alerta_451: Evento crítico detectado,2024-02-27 10:01:09.278283,Sensor_20,64
452,Alerta_452: Evento crítico detectado,2024-07-22 10:01:09.278283,Sensor_13,701
453,Alerta_453: Evento crítico detectado,2024-08-28 10:01:09.278283,Sensor_2,430
454,Alerta_454: Evento crítico detectado,2024-04-30 10:01:09.278283,Sensor_5,341
455,Alerta_455: Evento crítico detectado,2024-06-22 10:01:09.278283,Sensor_15,301
456,Alerta_456: Evento crítico detectado,2024-07-15 10:01:09.278283,Sensor_16,946
457,Alerta_457: Evento crítico detectado,2024-01-10 10:01:09.278283,Sensor_1,791
458,Alerta_458: Evento crítico detectado,2024-08-01 10:01:09.278283,Sensor_1,296
459,Alerta_459: Evento crítico detectado,2024-10-21 10:01:09.278283,Sensor_4,670
460,Alerta_460: Evento crítico detectado,2024-06-30 10:01:09.278283,Sensor_6,757
461,Alerta_461: Evento crítico detectado,2024-04-06 10:01:09.278283,Sensor_26,368
462,Alerta_462: Evento crítico detectado,2023-11-20 10:01:09.278283,Sensor_40,64
463,Alerta_463: Evento crítico detectado,2023-11-04 10:01:09.278283,Sensor_40,465
464,Alerta_464: Evento crítico detectado,2024-03-04 10:01:09.278283,Sensor_26,727
465,Alerta_465: Evento crítico detectado,2024-06-14 10:01:09.278283,Sensor_14,995
466,Alerta_466: Evento crítico detectado,2024-01-21 10:01:09.278283,Sensor_34,698
467,Alerta_467: Evento crítico detectado,2024-07-22 10:01:09.278283,Sensor_35,758
468,Alerta_468: Evento crítico detectado,2024-05-09 10:01:09.278283,Sensor_11,525
469,Alerta_469: Evento crítico detectado,2024-04-13 10:01:09.278283,Sensor_11,877
470,Alerta_470: Evento crítico detectado,2023-11-03 10:01:09.278283,Sensor_33,726
471,Alerta_471: Evento crítico detectado,2023-11-24 10:01:09.278283,Sensor_10,783
472,Alerta_472: Evento crítico detectado,2024-02-03 10:01:09.278283,Sensor_34,639
473,Alerta_473: Evento crítico detectado,2024-03-10 10:01:09.278283,Sensor_23,574
474,Alerta_474: Evento crítico detectado,2024-08-07 10:01:09.278283,Sensor_34,215
475,Alerta_475: Evento crítico detectado,2024-10-16 10:01:09.278283,Sensor_43,37
476,Alerta_476: Evento crítico detectado,2024-01-23 10:01:09.278283,Sensor_37,896
477,Alerta_477: Evento crítico detectado,2024-06-08 10:01:09.278283,Sensor_7,740
478,Alerta_478: Evento crítico detectado,2023-11-17 10:01:09.278283,Sensor_5,326
479,Alerta_479: Evento crítico detectado,2024-05-19 10:01:09.278283,Sensor_23,143
480,Alerta_480: Evento crítico detectado,2024-05-05 10:01:09.278283,Sensor_41,186
481,Alerta_481: Evento crítico detectado,2023-12-24 10:01:09.278283,Sensor_15,340
482,Alerta_482: Evento crítico detectado,2024-06-01 10:01:09.278283,Sensor_30,248
483,Alerta_483: Evento crítico detectado,2024-05-12 10:01:09.278283,Sensor_8,974
484,Alerta_484: Evento crítico detectado,2024-03-07 10:01:09.278283,Sensor_35,983
485,Alerta_485: Evento crítico detectado,2024-02-02 10:01:09.278283,Sensor_23,456
486,Alerta_486: Evento crítico detectado,2023-12-20 10:01:09.278283,Sensor_12,715
487,Alerta_487: Evento crítico detectado,2024-09-05 10:01:09.278283,Sensor_17,616
488,Alerta_488: Evento crítico detectado,2024-04-02 10:01:09.278283,Sensor_27,482
489,Alerta_489: Evento crítico detectado,2023-11-15 10:01:09.278283,Sensor_43,417
490,Alerta_490: Evento crítico detectado,2024-01-21 10:01:09.278283,Sensor_40,593
491,Alerta_491: Evento crítico detectado,2023-12-05 10:01:09.278283,Sensor_34,9
492,Alerta_492: Evento crítico detectado,2024-08-30 10:01:09.278283,Sensor_35,652
493,Alerta_493: Evento crítico detectado,2024-05-29 10:01:09.278283,Sensor_26,387
494,Alerta_494: Evento crítico detectado,2024-09-16 10:01:09.278283,Sensor_37,283
495,Alerta_495: Evento crítico detectado,2024-07-02 10:01:09.278283,Sensor_35,135
496,Alerta_496: Evento crítico detectado,2024-08-06 10:01:09.278283,Sensor_5,880
497,Alerta_497: Evento crítico detectado,2024-04-28 10:01:09.278283,Sensor_42,83
498,Alerta_498: Evento crítico detectado,2023-12-17 10:01:09.278283,Sensor_41,816
499,Alerta_499: Evento crítico detectado,2024-08-10 10:01:09.278283,Sensor_17,376
500,Alerta_500: Evento crítico detectado,2024-01-25 10:01:09.278283,Sensor_8,122
501,Alerta_501: Evento crítico detectado,2024-02-04 10:01:09.278283,Sensor_12,519
502,Alerta_502: Evento crítico detectado,2023-12-06 10:01:09.278283,Sensor_39,742
503,Alerta_503: Evento crítico detectado,2023-11-07 10:01:09.278283,Sensor_7,576
504,Alerta_504: Evento crítico detectado,2023-12-02 10:01:09.278283,Sensor_7,94
505,Alerta_505: Evento crítico detectado,2024-08-16 10:01:09.278283,Sensor_50,376
506,Alerta_506: Evento crítico detectado,2024-03-11 10:01:09.278283,Sensor_27,371
507,Alerta_507: Evento crítico detectado,2023-11-28 10:01:09.278283,Sensor_18,696
508,Alerta_508: Evento crítico detectado,2024-09-14 10:01:09.278283,Sensor_38,607
509,Alerta_509: Evento crítico detectado,2024-03-21 10:01:09.278283,Sensor_10,600
510,Alerta_510: Evento crítico detectado,2023-12-17 10:01:09.278283,Sensor_28,261
511,Alerta_511: Evento crítico detectado,2024-02-17 10:01:09.278283,Sensor_15,841
512,Alerta_512: Evento crítico detectado,2024-08-14 10:01:09.278283,Sensor_19,136
513,Alerta_513: Evento crítico detectado,2024-06-19 10:01:09.278283,Sensor_11,877
514,Alerta_514: Evento crítico detectado,2023-12-11 10:01:09.278283,Sensor_47,603
515,Alerta_515: Evento crítico detectado,2024-10-29 10:01:09.278283,Sensor_15,997
516,Alerta_516: Evento crítico detectado,2023-11-25 10:01:09.278283,Sensor_23,805
517,Alerta_517: Evento crítico detectado,2024-10-09 10:01:09.278283,Sensor_3,454
518,Alerta_518: Evento crítico detectado,2024-01-22 10:01:09.278283,Sensor_9,143
519,Alerta_519: Evento crítico detectado,2024-01-05 10:01:09.278283,Sensor_18,389
520,Alerta_520: Evento crítico detectado,2024-07-18 10:01:09.278283,Sensor_11,81
521,Alerta_521: Evento crítico detectado,2023-12-14 10:01:09.278283,Sensor_30,273
522,Alerta_522: Evento crítico detectado,2024-03-31 10:01:09.278283,Sensor_19,137
523,Alerta_523: Evento crítico detectado,2024-01-02 10:01:09.278283,Sensor_36,628
524,Alerta_524: Evento crítico detectado,2024-10-07 10:01:09.278283,Sensor_24,772
525,Alerta_525: Evento crítico detectado,2023-11-07 10:01:09.278283,Sensor_8,274
526,Alerta_526: Evento crítico detectado,2024-10-09 10:01:09.278283,Sensor_34,395
527,Alerta_527: Evento crítico detectado,2024-05-12 10:01:09.278283,Sensor_31,244
528,Alerta_528: Evento crítico detectado,2024-10-10 10:01:09.278283,Sensor_22,415
529,Alerta_529: Evento crítico detectado,2024-10-02 10:01:09.278283,Sensor_44,890
530,Alerta_530: Evento crítico detectado,2024-02-15 10:01:09.278283,Sensor_6,511
531,Alerta_531: Evento crítico detectado,2023-12-30 10:01:09.278283,Sensor_50,188
532,Alerta_532: Evento crítico detectado,2024-03-08 10:01:09.278283,Sensor_30,955
533,Alerta_533: Evento crítico detectado,2023-12-17 10:01:09.278283,Sensor_36,611
534,Alerta_534: Evento crítico detectado,2024-07-20 10:01:09.278283,Sensor_46,678
535,Alerta_535: Evento crítico detectado,2024-10-29 10:01:09.278283,Sensor_38,561
536,Alerta_536: Evento crítico detectado,2024-09-18 10:01:09.278283,Sensor_36,692
537,Alerta_537: Evento crítico detectado,2024-03-20 10:01:09.278283,Sensor_27,254
538,Alerta_538: Evento crítico detectado,2024-05-05 10:01:09.278283,Sensor_20,224
539,Alerta_539: Evento crítico detectado,2024-02-23 10:01:09.278283,Sensor_43,314
540,Alerta_540: Evento crítico detectado,2024-10-25 10:01:09.278283,Sensor_27,855
541,Alerta_541: Evento crítico detectado,2024-06-15 10:01:09.278283,Sensor_14,96
542,Alerta_542: Evento crítico detectado,2023-11-13 10:01:09.278283,Sensor_30,41
543,Alerta_543: Evento crítico detectado,2023-12-25 10:01:09.278283,Sensor_23,594
544,Alerta_544: Evento crítico detectado,2024-03-31 10:01:09.278283,Sensor_4,5
545,Alerta_545: Evento crítico detectado,2024-04-02 10:01:09.278283,Sensor_24,59
546,Alerta_546: Evento crítico detectado,2024-10-11 10:01:09.278283,Sensor_15,597
547,Alerta_547: Evento crítico detectado,2023-12-19 10:01:09.278283,Sensor_15,311
548,Alerta_548: Evento crítico detectado,2024-01-30 10:01:09.278283,Sensor_46,599
549,Alerta_549: Evento crítico detectado,2023-11-23 10:01:09.278283,Sensor_45,248
550,Alerta_550: Evento crítico detectado,2024-10-25 10:01:09.278283,Sensor_16,646
551,Alerta_551: Evento crítico detectado,2024-08-05 10:01:09.278283,Sensor_3,76
552,Alerta_552: Evento crítico detectado,2024-04-08 10:01:09.278283,Sensor_3,591
553,Alerta_553: Evento crítico detectado,2024-04-02 10:01:09.278283,Sensor_21,309
554,Alerta_554: Evento crítico detectado,2024-03-29 10:01:09.278283,Sensor_39,698
555,Alerta_555: Evento crítico detectado,2024-02-14 10:01:09.278283,Sensor_12,621
556,Alerta_556: Evento crítico detectado,2024-03-05 10:01:09.278283,Sensor_32,945
557,Alerta_557: Evento crítico detectado,2024-06-14 10:01:09.278283,Sensor_46,431
558,Alerta_558: Evento crítico detectado,2023-12-12 10:01:09.278283,Sensor_19,187
559,Alerta_559: Evento crítico detectado,2023-11-14 10:01:09.278283,Sensor_21,786
560,Alerta_560: Evento crítico detectado,2024-05-01 10:01:09.278283,Sensor_34,203
561,Alerta_561: Evento crítico detectado,2024-07-01 10:01:09.278283,Sensor_29,921
562,Alerta_562: Evento crítico detectado,2024-03-17 10:01:09.278283,Sensor_34,607
563,Alerta_563: Evento crítico detectado,2024-09-03 10:01:09.278283,Sensor_35,796
564,Alerta_564: Evento crítico detectado,2024-07-28 10:01:09.278283,Sensor_13,190
565,Alerta_565: Evento crítico detectado,2024-02-23 10:01:09.278283,Sensor_48,617
566,Alerta_566: Evento crítico detectado,2024-01-18 10:01:09.278283,Sensor_4,573
567,Alerta_567: Evento crítico detectado,2024-09-24 10:01:09.278283,Sensor_41,249
568,Alerta_568: Evento crítico detectado,2024-06-07 10:01:09.278283,Sensor_8,340
569,Alerta_569: Evento crítico detectado,2024-03-22 10:01:09.278283,Sensor_9,510
570,Alerta_570: Evento crítico detectado,2024-09-28 10:01:09.278283,Sensor_22,383
571,Alerta_571: Evento crítico detectado,2023-12-26 10:01:09.278283,Sensor_7,413
572,Alerta_572: Evento crítico detectado,2024-08-06 10:01:09.278283,Sensor_12,804
573,Alerta_573: Evento crítico detectado,2024-10-18 10:01:09.278283,Sensor_33,818
574,Alerta_574: Evento crítico detectado,2024-05-05 10:01:09.278283,Sensor_14,150
575,Alerta_575: Evento crítico detectado,2024-07-31 10:01:09.278283,Sensor_2,329
576,Alerta_576: Evento crítico detectado,2024-10-18 10:01:09.278283,Sensor_21,274
577,Alerta_577: Evento crítico detectado,2024-08-17 10:01:09.278283,Sensor_37,447
578,Alerta_578: Evento crítico detectado,2024-07-12 10:01:09.278283,Sensor_14,524
579,Alerta_579: Evento crítico detectado,2023-11-14 10:01:09.278283,Sensor_47,238
580,Alerta_580: Evento crítico detectado,2024-10-13 10:01:09.278283,Sensor_30,279
581,Alerta_581: Evento crítico detectado,2024-04-06 10:01:09.278283,Sensor_1,94
582,Alerta_582: Evento crítico detectado,2024-01-07 10:01:09.278283,Sensor_12,477
583,Alerta_583: Evento crítico detectado,2024-10-07 10:01:09.278283,Sensor_21,605
584,Alerta_584: Evento crítico detectado,2024-09-07 10:01:09.278283,Sensor_48,288
585,Alerta_585: Evento crítico detectado,2024-06-12 10:01:09.278283,Sensor_29,596
586,Alerta_586: Evento crítico detectado,2024-06-11 10:01:09.278283,Sensor_31,652
587,Alerta_587: Evento crítico detectado,2024-03-06 10:01:09.278283,Sensor_22,850
588,Alerta_588: Evento crítico detectado,2023-12-17 10:01:09.278283,Sensor_37,939
589,Alerta_589: Evento crítico detectado,2024-02-12 10:01:09.278283,Sensor_38,476
590,Alerta_590: Evento crítico detectado,2024-09-21 10:01:09.278283,Sensor_40,784
591,Alerta_591: Evento crítico detectado,2024-04-05 10:01:09.278283,Sensor_45,192
592,Alerta_592: Evento crítico detectado,2024-06-16 10:01:09.279653,Sensor_38,125
593,Alerta_593: Evento crítico detectado,2024-03-30 10:01:09.279653,Sensor_36,542
594,Alerta_594: Evento crítico detectado,2024-05-29 10:01:09.279653,Sensor_22,189
595,Alerta_595: Evento crítico detectado,2024-05-29 10:01:09.279653,Sensor_18,250
596,Alerta_596: Evento crítico detectado,2023-11-20 10:01:09.279653,Sensor_35,602
597,Alerta_597: Evento crítico detectado,2024-07-15 10:01:09.279653,Sensor_18,298
598,Alerta_598: Evento crítico detectado,2024-01-13 10:01:09.279653,Sensor_31,231
599,Alerta_599: Evento crítico detectado,2024-05-16 10:01:09.279653,Sensor_40,518
600,Alerta_600: Evento crítico detectado,2024-05-08 10:01:09.279653,Sensor_28,113
601,Alerta_601: Evento crítico detectado,2023-11-01 10:01:09.279653,Sensor_46,801
602,Alerta_602: Evento crítico detectado,2023-12-25 10:01:09.279653,Sensor_38,68
603,Alerta_603: Evento crítico detectado,2024-09-28 10:01:09.279653,Sensor_43,216
604,Alerta_604: Evento crítico detectado,2024-04-13 10:01:09.279653,Sensor_36,810
605,Alerta_605: Evento crítico detectado,2024-09-19 10:01:09.279653,Sensor_5,645
606,Alerta_606: Evento crítico detectado,2024-07-31 10:01:09.279653,Sensor_40,545
607,Alerta_607: Evento crítico detectado,2024-08-14 10:01:09.279653,Sensor_23,692
608,Alerta_608: Evento crítico detectado,2024-04-09 10:01:09.279653,Sensor_11,934
609,Alerta_609: Evento crítico detectado,2024-07-13 10:01:09.279653,Sensor_1,756
610,Alerta_610: Evento crítico detectado,2024-03-28 10:01:09.279653,Sensor_45,356
611,Alerta_611: Evento crítico detectado,2023-12-14 10:01:09.279653,Sensor_30,690
612,Alerta_612: Evento crítico detectado,2023-12-09 10:01:09.279653,Sensor_12,279
613,Alerta_613: Evento crítico detectado,2024-08-03 10:01:09.279653,Sensor_27,242
614,Alerta_614: Evento crítico detectado,2024-06-14 10:01:09.279653,Sensor_8,453
615,Alerta_615: Evento crítico detectado,2024-07-19 10:01:09.279653,Sensor_35,230
616,Alerta_616: Evento crítico detectado,2024-05-23 10:01:09.279653,Sensor_27,405
617,Alerta_617: Evento crítico detectado,2024-10-22 10:01:09.279653,Sensor_23,111
618,Alerta_618: Evento crítico detectado,2024-05-12 10:01:09.279653,Sensor_40,365
619,Alerta_619: Evento crítico detectado,2023-11-28 10:01:09.279653,Sensor_24,990
620,Alerta_620: Evento crítico detectado,2024-03-25 10:01:09.279653,Sensor_3,243
621,Alerta_621: Evento crítico detectado,2024-08-13 10:01:09.279653,Sensor_49,692
622,Alerta_622: Evento crítico detectado,2024-06-19 10:01:09.279653,Sensor_35,822
623,Alerta_623: Evento crítico detectado,2023-11-05 10:01:09.279653,Sensor_32,9
624,Alerta_624: Evento crítico detectado,2024-03-21 10:01:09.279653,Sensor_22,831
625,Alerta_625: Evento crítico detectado,2024-04-18 10:01:09.279653,Sensor_30,946
626,Alerta_626: Evento crítico detectado,2023-11-03 10:01:09.279653,Sensor_32,35
627,Alerta_627: Evento crítico detectado,2024-05-14 10:01:09.279653,Sensor_20,567
628,Alerta_628: Evento crítico detectado,2024-08-17 10:01:09.279653,Sensor_41,685
629,Alerta_629: Evento crítico detectado,2024-07-18 10:01:09.279653,Sensor_50,740
630,Alerta_630: Evento crítico detectado,2023-11-13 10:01:09.279653,Sensor_48,910
631,Alerta_631: Evento crítico detectado,2024-04-17 10:01:09.279653,Sensor_48,308
632,Alerta_632: Evento crítico detectado,2024-05-30 10:01:09.279653,Sensor_35,893
633,Alerta_633: Evento crítico detectado,2024-06-15 10:01:09.279653,Sensor_3,32
634,Alerta_634: Evento crítico detectado,2024-01-07 10:01:09.279653,Sensor_7,556
635,Alerta_635: Evento crítico detectado,2024-06-11 10:01:09.279653,Sensor_6,897
636,Alerta_636: Evento crítico detectado,2024-05-29 10:01:09.279653,Sensor_23,665
637,Alerta_637: Evento crítico detectado,2024-06-28 10:01:09.279653,Sensor_43,832
638,Alerta_638: Evento crítico detectado,2024-06-08 10:01:09.279653,Sensor_27,589
639,Alerta_639: Evento crítico detectado,2024-08-15 10:01:09.279653,Sensor_16,232
640,Alerta_640: Evento crítico detectado,2024-09-04 10:01:09.279653,Sensor_49,267
641,Alerta_641: Evento crítico detectado,2024-09-17 10:01:09.279653,Sensor_44,693
642,Alerta_642: Evento crítico detectado,2024-05-07 10:01:09.279653,Sensor_44,903
643,Alerta_643: Evento crítico detectado,2024-04-19 10:01:09.279653,Sensor_16,412
644,Alerta_644: Evento crítico detectado,2024-04-20 10:01:09.279653,Sensor_5,59
645,Alerta_645: Evento crítico detectado,2024-06-13 10:01:09.279653,Sensor_25,748
646,Alerta_646: Evento crítico detectado,2024-02-21 10:01:09.279653,Sensor_35,299
647,Alerta_647: Evento crítico detectado,2023-12-01 10:01:09.279653,Sensor_48,293
648,Alerta_648: Evento crítico detectado,2024-05-01 10:01:09.279653,Sensor_44,1000
649,Alerta_649: Evento crítico detectado,2023-12-28 10:01:09.279653,Sensor_18,466
650,Alerta_650: Evento crítico detectado,2024-02-10 10:01:09.279653,Sensor_10,397
651,Alerta_651: Evento crítico detectado,2024-10-12 10:01:09.279653,Sensor_30,80
652,Alerta_652: Evento crítico detectado,2024-04-24 10:01:09.279653,Sensor_16,697
653,Alerta_653: Evento crítico detectado,2023-12-05 10:01:09.279653,Sensor_23,511
654,Alerta_654: Evento crítico detectado,2024-07-24 10:01:09.279653,Sensor_34,804
655,Alerta_655: Evento crítico detectado,2024-10-15 10:01:09.279653,Sensor_7,296
656,Alerta_656: Evento crítico detectado,2024-03-27 10:01:09.279653,Sensor_23,370
657,Alerta_657: Evento crítico detectado,2024-05-11 10:01:09.279653,Sensor_22,136
658,Alerta_658: Evento crítico detectado,2024-08-15 10:01:09.279653,Sensor_45,210
659,Alerta_659: Evento crítico detectado,2024-01-25 10:01:09.279653,Sensor_47,535
660,Alerta_660: Evento crítico detectado,2023-11-05 10:01:09.279653,Sensor_25,810
661,Alerta_661: Evento crítico detectado,2023-11-28 10:01:09.279653,Sensor_35,251
662,Alerta_662: Evento crítico detectado,2023-11-28 10:01:09.279653,Sensor_21,32
663,Alerta_663: Evento crítico detectado,2023-12-13 10:01:09.279653,Sensor_29,177
664,Alerta_664: Evento crítico detectado,2024-03-20 10:01:09.279653,Sensor_42,876
665,Alerta_665: Evento crítico detectado,2024-10-28 10:01:09.279653,Sensor_26,318
666,Alerta_666: Evento crítico detectado,2023-12-31 10:01:09.279653,Sensor_41,654
667,Alerta_667: Evento crítico detectado,2024-09-26 10:01:09.279653,Sensor_41,940
668,Alerta_668: Evento crítico detectado,2024-07-05 10:01:09.279653,Sensor_6,455
669,Alerta_669: Evento crítico detectado,2024-02-05 10:01:09.279653,Sensor_49,511
670,Alerta_670: Evento crítico detectado,2024-02-26 10:01:09.279653,Sensor_19,506
671,Alerta_671: Evento crítico detectado,2024-10-25 10:01:09.279653,Sensor_28,676
672,Alerta_672: Evento crítico detectado,2023-12-25 10:01:09.279653,Sensor_9,565
673,Alerta_673: Evento crítico detectado,2024-02-25 10:01:09.279653,Sensor_5,751
674,Alerta_674: Evento crítico detectado,2024-05-04 10:01:09.279653,Sensor_27,882
675,Alerta_675: Evento crítico detectado,2024-03-28 10:01:09.279653,Sensor_2,354
676,Alerta_676: Evento crítico detectado,2023-12-02 10:01:09.279653,Sensor_11,274
677,Alerta_677: Evento crítico detectado,2024-05-05 10:01:09.279653,Sensor_26,419
678,Alerta_678: Evento crítico detectado,2024-09-02 10:01:09.279653,Sensor_10,48
679,Alerta_679: Evento crítico detectado,2024-10-17 10:01:09.279653,Sensor_14,547
680,Alerta_680: Evento crítico detectado,2024-02-20 10:01:09.279653,Sensor_4,269
681,Alerta_681: Evento crítico detectado,2024-01-07 10:01:09.279653,Sensor_44,309
682,Alerta_682: Evento crítico detectado,2024-03-28 10:01:09.279653,Sensor_34,655
683,Alerta_683: Evento crítico detectado,2024-04-26 10:01:09.279653,Sensor_36,6
684,Alerta_684: Evento crítico detectado,2023-12-06 10:01:09.279653,Sensor_43,826
685,Alerta_685: Evento crítico detectado,2024-09-29 10:01:09.279653,Sensor_23,612
686,Alerta_686: Evento crítico detectado,2024-02-27 10:01:09.279653,Sensor_40,209
687,Alerta_687: Evento crítico detectado,2024-05-18 10:01:09.279653,Sensor_16,653
688,Alerta_688: Evento crítico detectado,2024-07-19 10:01:09.279653,Sensor_19,174
689,Alerta_689: Evento crítico detectado,2024-04-09 10:01:09.279653,Sensor_40,856
690,Alerta_690: Evento crítico detectado,2024-06-22 10:01:09.279653,Sensor_45,534
691,Alerta_691: Evento crítico detectado,2024-10-28 10:01:09.279653,Sensor_47,996
692,Alerta_692: Evento crítico detectado,2024-10-11 10:01:09.279653,Sensor_3,769
693,Alerta_693: Evento crítico detectado,2024-04-03 10:01:09.279653,Sensor_27,734
694,Alerta_694: Evento crítico detectado,2024-09-17 10:01:09.279653,Sensor_33,213
695,Alerta_695: Evento crítico detectado,2023-11-16 10:01:09.279653,Sensor_25,865
696,Alerta_696: Evento crítico detectado,2024-06-12 10:01:09.279653,Sensor_36,104
697,Alerta_697: Evento crítico detectado,2024-08-13 10:01:09.279653,Sensor_50,80
698,Alerta_698: Evento crítico detectado,2024-05-10 10:01:09.279653,Sensor_36,18
699,Alerta_699: Evento crítico detectado,2024-04-26 10:01:09.279653,Sensor_48,319
700,Alerta_700: Evento crítico detectado,2024-02-20 10:01:09.279653,Sensor_7,918
701,Alerta_701: Evento crítico detectado,2024-02-07 10:01:09.279653,Sensor_2,812
702,Alerta_702: Evento crítico detectado,2024-08-02 10:01:09.279653,Sensor_11,915
703,Alerta_703: Evento crítico detectado,2024-07-05 10:01:09.279653,Sensor_17,876
704,Alerta_704: Evento crítico detectado,2024-02-29 10:01:09.279653,Sensor_36,850
705,Alerta_705: Evento crítico detectado,2024-10-18 10:01:09.279653,Sensor_24,278
706,Alerta_706: Evento crítico detectado,2024-01-29 10:01:09.279653,Sensor_39,290
707,Alerta_707: Evento crítico detectado,2023-12-10 10:01:09.279653,Sensor_35,131
708,Alerta_708: Evento crítico detectado,2024-10-11 10:01:09.279653,Sensor_46,178
709,Alerta_709: Evento crítico detectado,2024-02-12 10:01:09.279653,Sensor_21,217
710,Alerta_710: Evento crítico detectado,2024-07-18 10:01:09.279653,Sensor_5,657
711,Alerta_711: Evento crítico detectado,2024-08-19 10:01:09.279653,Sensor_11,424
712,Alerta_712: Evento crítico detectado,2024-06-26 10:01:09.279653,Sensor_17,260
713,Alerta_713: Evento crítico detectado,2024-04-25 10:01:09.279653,Sensor_32,170
714,Alerta_714: Evento crítico detectado,2024-08-27 10:01:09.279653,Sensor_23,717
715,Alerta_715: Evento crítico detectado,2023-11-17 10:01:09.279653,Sensor_49,517
716,Alerta_716: Evento crítico detectado,2024-01-27 10:01:09.279653,Sensor_13,161
717,Alerta_717: Evento crítico detectado,2024-04-18 10:01:09.279653,Sensor_32,672
718,Alerta_718: Evento crítico detectado,2024-03-08 10:01:09.279653,Sensor_34,542
719,Alerta_719: Evento crítico detectado,2024-07-16 10:01:09.279653,Sensor_45,963
720,Alerta_720: Evento crítico detectado,2024-06-29 10:01:09.279653,Sensor_29,715
721,Alerta_721: Evento crítico detectado,2024-06-22 10:01:09.279653,Sensor_22,332
722,Alerta_722: Evento crítico detectado,2024-07-29 10:01:09.279653,Sensor_13,970
723,Alerta_723: Evento crítico detectado,2024-06-15 10:01:09.279653,Sensor_48,123
724,Alerta_724: Evento crítico detectado,2024-06-09 10:01:09.279653,Sensor_10,523
725,Alerta_725: Evento crítico detectado,2024-09-18 10:01:09.279653,Sensor_42,295
726,Alerta_726: Evento crítico detectado,2023-11-09 10:01:09.279653,Sensor_45,958
727,Alerta_727: Evento crítico detectado,2024-09-25 10:01:09.279653,Sensor_1,883
728,Alerta_728: Evento crítico detectado,2024-03-28 10:01:09.279653,Sensor_50,42
729,Alerta_729: Evento crítico detectado,2023-12-07 10:01:09.279653,Sensor_42,579
730,Alerta_730: Evento crítico detectado,2024-02-23 10:01:09.279653,Sensor_8,713
731,Alerta_731: Evento crítico detectado,2024-03-27 10:01:09.279653,Sensor_22,20
732,Alerta_732: Evento crítico detectado,2024-06-02 10:01:09.279653,Sensor_4,498
733,Alerta_733: Evento crítico detectado,2024-01-18 10:01:09.279653,Sensor_24,196
734,Alerta_734: Evento crítico detectado,2023-11-11 10:01:09.279653,Sensor_45,288
735,Alerta_735: Evento crítico detectado,2023-12-31 10:01:09.279653,Sensor_17,640
736,Alerta_736: Evento crítico detectado,2023-12-18 10:01:09.279653,Sensor_8,712
737,Alerta_737: Evento crítico detectado,2024-02-06 10:01:09.279653,Sensor_39,305
738,Alerta_738: Evento crítico detectado,2024-03-21 10:01:09.279653,Sensor_44,751
739,Alerta_739: Evento crítico detectado,2024-09-11 10:01:09.279653,Sensor_2,283
740,Alerta_740: Evento crítico detectado,2024-10-10 10:01:09.279653,Sensor_18,621
741,Alerta_741: Evento crítico detectado,2024-07-10 10:01:09.279653,Sensor_14,194
742,Alerta_742: Evento crítico detectado,2024-07-31 10:01:09.279653,Sensor_18,480
743,Alerta_743: Evento crítico detectado,2024-06-01 10:01:09.279653,Sensor_7,850
744,Alerta_744: Evento crítico detectado,2023-11-16 10:01:09.279653,Sensor_49,628
745,Alerta_745: Evento crítico detectado,2024-09-30 10:01:09.279653,Sensor_18,595
746,Alerta_746: Evento crítico detectado,2024-04-17 10:01:09.279653,Sensor_5,628
747,Alerta_747: Evento crítico detectado,2024-03-26 10:01:09.279653,Sensor_16,333
748,Alerta_748: Evento crítico detectado,2024-10-16 10:01:09.279653,Sensor_41,541
749,Alerta_749: Evento crítico detectado,2023-11-27 10:01:09.279653,Sensor_3,673
750,Alerta_750: Evento crítico detectado,2023-12-05 10:01:09.279653,Sensor_1,463
751,Alerta_751: Evento crítico detectado,2024-09-12 10:01:09.279653,Sensor_43,205
752,Alerta_752: Evento crítico detectado,2023-11-22 10:01:09.279653,Sensor_17,417
753,Alerta_753: Evento crítico detectado,2024-06-21 10:01:09.279653,Sensor_45,505
754,Alerta_754: Evento crítico detectado,2024-10-22 10:01:09.279653,Sensor_7,8
755,Alerta_755: Evento crítico detectado,2023-11-07 10:01:09.279653,Sensor_43,715
756,Alerta_756: Evento crítico detectado,2024-01-30 10:01:09.279653,Sensor_47,670
757,Alerta_757: Evento crítico detectado,2023-12-23 10:01:09.279653,Sensor_17,451
758,Alerta_758: Evento crítico detectado,2024-08-05 10:01:09.279653,Sensor_7,907
759,Alerta_759: Evento crítico detectado,2023-11-20 10:01:09.279653,Sensor_47,27
760,Alerta_760: Evento crítico detectado,2024-06-21 10:01:09.279653,Sensor_26,269
761,Alerta_761: Evento crítico detectado,2024-04-20 10:01:09.279653,Sensor_45,351
762,Alerta_762: Evento crítico detectado,2024-01-15 10:01:09.279653,Sensor_23,262
763,Alerta_763: Evento crítico detectado,2024-07-01 10:01:09.279653,Sensor_27,299
764,Alerta_764: Evento crítico detectado,2024-03-18 10:01:09.279653,Sensor_18,190
765,Alerta_765: Evento crítico detectado,2024-10-26 10:01:09.279653,Sensor_13,310
766,Alerta_766: Evento crítico detectado,2024-02-20 10:01:09.279653,Sensor_41,297
767,Alerta_767: Evento crítico detectado,2024-07-17 10:01:09.279653,Sensor_38,626
768,Alerta_768: Evento crítico detectado,2024-06-13 10:01:09.279653,Sensor_44,159
769,Alerta_769: Evento crítico detectado,2024-10-15 10:01:09.279653,Sensor_12,638
770,Alerta_770: Evento crítico detectado,2024-04-13 10:01:09.279653,Sensor_38,703
771,Alerta_771: Evento crítico detectado,2024-08-05 10:01:09.279653,Sensor_14,774
772,Alerta_772: Evento crítico detectado,2024-03-25 10:01:09.279653,Sensor_28,696
773,Alerta_773: Evento crítico detectado,2024-02-22 10:01:09.279653,Sensor_41,822
774,Alerta_774: Evento crítico detectado,2023-11-21 10:01:09.279653,Sensor_10,38
775,Alerta_775: Evento crítico detectado,2024-09-09 10:01:09.279653,Sensor_29,8
776,Alerta_776: Evento crítico detectado,2024-07-18 10:01:09.279653,Sensor_47,950
777,Alerta_777: Evento crítico detectado,2024-05-30 10:01:09.279653,Sensor_15,249
778,Alerta_778: Evento crítico detectado,2024-08-31 10:01:09.279653,Sensor_19,864
779,Alerta_779: Evento crítico detectado,2024-07-18 10:01:09.279653,Sensor_38,357
780,Alerta_780: Evento crítico detectado,2024-03-21 10:01:09.279653,Sensor_40,158
781,Alerta_781: Evento crítico detectado,2024-09-07 10:01:09.279653,Sensor_13,66
782,Alerta_782: Evento crítico detectado,2024-05-30 10:01:09.279653,Sensor_44,673
783,Alerta_783: Evento crítico detectado,2023-12-27 10:01:09.279653,Sensor_5,690
784,Alerta_784: Evento crítico detectado,2024-02-29 10:01:09.279653,Sensor_46,772
785,Alerta_785: Evento crítico detectado,2024-07-06 10:01:09.279653,Sensor_20,391
786,Alerta_786: Evento crítico detectado,2024-08-16 10:01:09.279653,Sensor_9,692
787,Alerta_787: Evento crítico detectado,2024-03-08 10:01:09.279653,Sensor_18,7
788,Alerta_788: Evento crítico detectado,2023-12-01 10:01:09.279653,Sensor_6,998
789,Alerta_789: Evento crítico detectado,2024-10-26 10:01:09.279653,Sensor_21,156
790,Alerta_790: Evento crítico detectado,2024-08-12 10:01:09.279653,Sensor_13,98
791,Alerta_791: Evento crítico detectado,2024-06-21 10:01:09.279653,Sensor_29,371
792,Alerta_792: Evento crítico detectado,2023-11-27 10:01:09.279653,Sensor_4,725
793,Alerta_793: Evento crítico detectado,2024-08-27 10:01:09.279653,Sensor_6,397
794,Alerta_794: Evento crítico detectado,2024-07-08 10:01:09.279653,Sensor_42,85
795,Alerta_795: Evento crítico detectado,2024-08-14 10:01:09.279653,Sensor_31,556
796,Alerta_796: Evento crítico detectado,2024-04-01 10:01:09.279653,Sensor_35,600
797,Alerta_797: Evento crítico detectado,2024-02-28 10:01:09.279653,Sensor_32,345
798,Alerta_798: Evento crítico detectado,2023-12-12 10:01:09.279653,Sensor_31,157
799,Alerta_799: Evento crítico detectado,2024-06-02 10:01:09.279653,Sensor_34,45
800,Alerta_800: Evento crítico detectado,2023-12-22 10:01:09.279653,Sensor_28,839
801,Alerta_801: Evento crítico detectado,2023-11-21 10:01:09.279653,Sensor_12,373
802,Alerta_802: Evento crítico detectado,2023-11-11 10:01:09.279653,Sensor_28,48
803,Alerta_803: Evento crítico detectado,2024-03-30 10:01:09.279653,Sensor_5,949
804,Alerta_804: Evento crítico detectado,2024-07-09 10:01:09.279653,Sensor_48,858
805,Alerta_805: Evento crítico detectado,2024-06-23 10:01:09.279653,Sensor_14,215
806,Alerta_806: Evento crítico detectado,2024-06-24 10:01:09.279653,Sensor_25,253
807,Alerta_807: Evento crítico detectado,2024-02-12 10:01:09.279653,Sensor_44,369
808,Alerta_808: Evento crítico detectado,2024-09-05 10:01:09.279653,Sensor_1,831
809,Alerta_809: Evento crítico detectado,2023-11-08 10:01:09.279653,Sensor_1,600
810,Alerta_810: Evento crítico detectado,2024-02-04 10:01:09.279653,Sensor_50,206
811,Alerta_811: Evento crítico detectado,2024-03-28 10:01:09.279653,Sensor_10,303
812,Alerta_812: Evento crítico detectado,2023-12-07 10:01:09.279653,Sensor_7,533
813,Alerta_813: Evento crítico detectado,2024-05-08 10:01:09.279653,Sensor_40,462
814,Alerta_814: Evento crítico detectado,2023-11-06 10:01:09.279653,Sensor_10,415
815,Alerta_815: Evento crítico detectado,2024-04-10 10:01:09.279653,Sensor_34,393
816,Alerta_816: Evento crítico detectado,2024-01-31 10:01:09.279653,Sensor_41,116
817,Alerta_817: Evento crítico detectado,2024-02-14 10:01:09.279653,Sensor_18,422
818,Alerta_818: Evento crítico detectado,2023-12-22 10:01:09.279653,Sensor_2,907
819,Alerta_819: Evento crítico detectado,2024-07-26 10:01:09.279653,Sensor_15,21
820,Alerta_820: Evento crítico detectado,2024-10-24 10:01:09.279653,Sensor_45,391
821,Alerta_821: Evento crítico detectado,2024-09-06 10:01:09.279653,Sensor_4,219
822,Alerta_822: Evento crítico detectado,2024-08-25 10:01:09.279653,Sensor_26,822
823,Alerta_823: Evento crítico detectado,2024-05-26 10:01:09.279653,Sensor_17,434
824,Alerta_824: Evento crítico detectado,2024-03-25 10:01:09.279653,Sensor_23,24
825,Alerta_825: Evento crítico detectado,2024-01-30 10:01:09.279653,Sensor_47,129
826,Alerta_826: Evento crítico detectado,2024-07-20 10:01:09.279653,Sensor_12,556
827,Alerta_827: Evento crítico detectado,2024-04-20 10:01:09.279653,Sensor_3,727
828,Alerta_828: Evento crítico detectado,2024-08-04 10:01:09.279653,Sensor_29,233
829,Alerta_829: Evento crítico detectado,2024-05-09 10:01:09.279653,Sensor_13,624
830,Alerta_830: Evento crítico detectado,2024-04-13 10:01:09.279653,Sensor_24,159
831,Alerta_831: Evento crítico detectado,2024-02-24 10:01:09.279653,Sensor_48,941
832,Alerta_832: Evento crítico detectado,2024-03-13 10:01:09.279653,Sensor_7,704
833,Alerta_833: Evento crítico detectado,2023-11-03 10:01:09.279653,Sensor_25,872
834,Alerta_834: Evento crítico detectado,2024-09-10 10:01:09.279653,Sensor_34,53
835,Alerta_835: Evento crítico detectado,2024-08-29 10:01:09.279653,Sensor_43,332
836,Alerta_836: Evento crítico detectado,2024-08-19 10:01:09.279653,Sensor_43,155
837,Alerta_837: Evento crítico detectado,2024-10-20 10:01:09.279653,Sensor_24,60
838,Alerta_838: Evento crítico detectado,2024-04-10 10:01:09.279653,Sensor_14,840
839,Alerta_839: Evento crítico detectado,2024-02-19 10:01:09.279653,Sensor_20,84
840,Alerta_840: Evento crítico detectado,2024-08-09 10:01:09.279653,Sensor_6,517
841,Alerta_841: Evento crítico detectado,2024-03-13 10:01:09.279653,Sensor_48,980
842,Alerta_842: Evento crítico detectado,2024-08-06 10:01:09.279653,Sensor_20,214
843,Alerta_843: Evento crítico detectado,2024-10-26 10:01:09.279653,Sensor_5,314
844,Alerta_844: Evento crítico detectado,2024-05-02 10:01:09.279653,Sensor_9,774
845,Alerta_845: Evento crítico detectado,2024-04-18 10:01:09.279653,Sensor_14,709
846,Alerta_846: Evento crítico detectado,2024-01-20 10:01:09.279653,Sensor_10,407
847,Alerta_847: Evento crítico detectado,2024-04-14 10:01:09.279653,Sensor_45,298
848,Alerta_848: Evento crítico detectado,2024-05-14 10:01:09.279653,Sensor_2,860
849,Alerta_849: Evento crítico detectado,2024-08-29 10:01:09.279653,Sensor_41,937
850,Alerta_850: Evento crítico detectado,2024-02-15 10:01:09.279653,Sensor_19,258
851,Alerta_851: Evento crítico detectado,2023-11-04 10:01:09.279653,Sensor_43,3
852,Alerta_852: Evento crítico detectado,2024-06-25 10:01:09.279653,Sensor_29,143
853,Alerta_853: Evento crítico detectado,2024-06-21 10:01:09.279653,Sensor_18,333
854,Alerta_854: Evento crítico detectado,2024-02-25 10:01:09.279653,Sensor_33,200
855,Alerta_855: Evento crítico detectado,2024-07-14 10:01:09.279653,Sensor_49,670
856,Alerta_856: Evento crítico detectado,2024-02-03 10:01:09.279653,Sensor_15,677
857,Alerta_857: Evento crítico detectado,2024-03-24 10:01:09.279653,Sensor_2,88
858,Alerta_858: Evento crítico detectado,2024-04-22 10:01:09.279653,Sensor_27,776
859,Alerta_859: Evento crítico detectado,2024-02-04 10:01:09.279653,Sensor_24,431
860,Alerta_860: Evento crítico detectado,2023-12-03 10:01:09.279653,Sensor_47,256
861,Alerta_861: Evento crítico detectado,2024-02-20 10:01:09.279653,Sensor_46,696
862,Alerta_862: Evento crítico detectado,2024-05-26 10:01:09.279653,Sensor_50,735
863,Alerta_863: Evento crítico detectado,2024-07-12 10:01:09.279653,Sensor_47,375
864,Alerta_864: Evento crítico detectado,2024-04-20 10:01:09.279653,Sensor_31,745
865,Alerta_865: Evento crítico detectado,2024-05-28 10:01:09.279653,Sensor_23,365
866,Alerta_866: Evento crítico detectado,2024-04-10 10:01:09.279653,Sensor_28,402
867,Alerta_867: Evento crítico detectado,2024-02-03 10:01:09.279653,Sensor_35,363
868,Alerta_868: Evento crítico detectado,2024-08-18 10:01:09.279653,Sensor_3,969
869,Alerta_869: Evento crítico detectado,2024-10-26 10:01:09.279653,Sensor_2,820
870,Alerta_870: Evento crítico detectado,2024-08-09 10:01:09.279653,Sensor_46,110
871,Alerta_871: Evento crítico detectado,2024-05-18 10:01:09.279653,Sensor_25,406
872,Alerta_872: Evento crítico detectado,2024-10-26 10:01:09.279653,Sensor_9,643
873,Alerta_873: Evento crítico detectado,2024-01-10 10:01:09.279653,Sensor_18,708
874,Alerta_874: Evento crítico detectado,2024-06-02 10:01:09.279653,Sensor_27,448
875,Alerta_875: Evento crítico detectado,2024-08-12 10:01:09.279653,Sensor_37,987
876,Alerta_876: Evento crítico detectado,2024-09-19 10:01:09.279653,Sensor_33,220
877,Alerta_877: Evento crítico detectado,2024-08-31 10:01:09.279653,Sensor_40,72
878,Alerta_878: Evento crítico detectado,2023-11-10 10:01:09.279653,Sensor_27,2
879,Alerta_879: Evento crítico detectado,2024-01-30 10:01:09.279653,Sensor_22,322
880,Alerta_880: Evento crítico detectado,2023-12-16 10:01:09.279653,Sensor_1,747
881,Alerta_881: Evento crítico detectado,2023-12-20 10:01:09.279653,Sensor_40,499
882,Alerta_882: Evento crítico detectado,2024-09-20 10:01:09.279653,Sensor_24,493
883,Alerta_883: Evento crítico detectado,2024-07-22 10:01:09.279653,Sensor_46,709
884,Alerta_884: Evento crítico detectado,2024-04-04 10:01:09.279653,Sensor_30,78
885,Alerta_885: Evento crítico detectado,2023-11-21 10:01:09.280197,Sensor_48,76
886,Alerta_886: Evento crítico detectado,2024-04-29 10:01:09.280197,Sensor_9,234
887,Alerta_887: Evento crítico detectado,2024-02-03 10:01:09.280197,Sensor_2,573
888,Alerta_888: Evento crítico detectado,2024-04-27 10:01:09.280197,Sensor_31,582
889,Alerta_889: Evento crítico detectado,2024-03-16 10:01:09.280197,Sensor_36,154
890,Alerta_890: Evento crítico detectado,2024-09-07 10:01:09.280197,Sensor_49,603
891,Alerta_891: Evento crítico detectado,2024-02-07 10:01:09.280197,Sensor_36,363
892,Alerta_892: Evento crítico detectado,2024-03-07 10:01:09.280197,Sensor_3,119
893,Alerta_893: Evento crítico detectado,2024-10-18 10:01:09.280197,Sensor_2,183
894,Alerta_894: Evento crítico detectado,2024-06-09 10:01:09.280197,Sensor_38,528
895,Alerta_895: Evento crítico detectado,2024-06-24 10:01:09.280197,Sensor_39,700
896,Alerta_896: Evento crítico detectado,2024-07-02 10:01:09.280197,Sensor_9,275
897,Alerta_897: Evento crítico detectado,2024-08-20 10:01:09.280197,Sensor_44,483
898,Alerta_898: Evento crítico detectado,2024-01-04 10:01:09.280197,Sensor_35,656
899,Alerta_899: Evento crítico detectado,2024-07-20 10:01:09.280197,Sensor_7,175
900,Alerta_900: Evento crítico detectado,2024-07-06 10:01:09.280197,Sensor_49,207
901,Alerta_901: Evento crítico detectado,2023-11-27 10:01:09.280197,Sensor_18,506
902,Alerta_902: Evento crítico detectado,2024-05-20 10:01:09.280197,Sensor_45,35
903,Alerta_903: Evento crítico detectado,2024-01-19 10:01:09.280197,Sensor_21,187
904,Alerta_904: Evento crítico detectado,2024-08-14 10:01:09.280197,Sensor_35,553
905,Alerta_905: Evento crítico detectado,2024-07-05 10:01:09.280197,Sensor_9,620
906,Alerta_906: Evento crítico detectado,2024-09-13 10:01:09.280197,Sensor_43,920
907,Alerta_907: Evento crítico detectado,2023-11-12 10:01:09.280197,Sensor_16,119
908,Alerta_908: Evento crítico detectado,2024-08-20 10:01:09.280197,Sensor_12,517
909,Alerta_909: Evento crítico detectado,2024-06-06 10:01:09.280197,Sensor_1,496
910,Alerta_910: Evento crítico detectado,2024-07-05 10:01:09.280197,Sensor_27,130
911,Alerta_911: Evento crítico detectado,2023-11-08 10:01:09.280197,Sensor_18,334
912,Alerta_912: Evento crítico detectado,2023-11-03 10:01:09.280197,Sensor_6,957
913,Alerta_913: Evento crítico detectado,2024-02-17 10:01:09.280197,Sensor_36,895
914,Alerta_914: Evento crítico detectado,2023-12-21 10:01:09.280197,Sensor_16,87
915,Alerta_915: Evento crítico detectado,2024-01-19 10:01:09.280197,Sensor_6,883
916,Alerta_916: Evento crítico detectado,2024-04-23 10:01:09.280197,Sensor_23,657
917,Alerta_917: Evento crítico detectado,2023-12-10 10:01:09.280197,Sensor_13,342
918,Alerta_918: Evento crítico detectado,2024-10-07 10:01:09.280197,Sensor_3,512
919,Alerta_919: Evento crítico detectado,2023-11-12 10:01:09.280197,Sensor_10,566
920,Alerta_920: Evento crítico detectado,2024-01-26 10:01:09.280197,Sensor_13,423
921,Alerta_921: Evento crítico detectado,2024-01-11 10:01:09.280197,Sensor_45,121
922,Alerta_922: Evento crítico detectado,2024-10-07 10:01:09.280197,Sensor_41,313
923,Alerta_923: Evento crítico detectado,2023-12-03 10:01:09.280197,Sensor_30,222
924,Alerta_924: Evento crítico detectado,2023-12-09 10:01:09.280197,Sensor_36,910
925,Alerta_925: Evento crítico detectado,2024-05-30 10:01:09.280197,Sensor_9,370
926,Alerta_926: Evento crítico detectado,2024-08-20 10:01:09.280197,Sensor_47,132
927,Alerta_927: Evento crítico detectado,2024-05-20 10:01:09.280197,Sensor_4,847
928,Alerta_928: Evento crítico detectado,2024-02-11 10:01:09.280197,Sensor_6,803
929,Alerta_929: Evento crítico detectado,2024-08-26 10:01:09.280197,Sensor_7,41
930,Alerta_930: Evento crítico detectado,2024-05-03 10:01:09.280197,Sensor_32,517
931,Alerta_931: Evento crítico detectado,2023-11-24 10:01:09.280197,Sensor_37,74
932,Alerta_932: Evento crítico detectado,2023-12-30 10:01:09.280197,Sensor_46,162
933,Alerta_933: Evento crítico detectado,2024-08-07 10:01:09.280197,Sensor_30,329
934,Alerta_934: Evento crítico detectado,2023-11-25 10:01:09.280197,Sensor_19,549
935,Alerta_935: Evento crítico detectado,2024-08-04 10:01:09.280197,Sensor_40,868
936,Alerta_936: Evento crítico detectado,2024-01-13 10:01:09.280197,Sensor_19,83
937,Alerta_937: Evento crítico detectado,2023-12-23 10:01:09.280197,Sensor_40,302
938,Alerta_938: Evento crítico detectado,2024-10-06 10:01:09.280197,Sensor_8,289
939,Alerta_939: Evento crítico detectado,2024-01-19 10:01:09.280197,Sensor_36,5
940,Alerta_940: Evento crítico detectado,2024-02-15 10:01:09.280197,Sensor_30,355
941,Alerta_941: Evento crítico detectado,2024-07-03 10:01:09.280197,Sensor_42,971
942,Alerta_942: Evento crítico detectado,2024-01-11 10:01:09.280197,Sensor_23,330
943,Alerta_943: Evento crítico detectado,2024-09-14 10:01:09.280197,Sensor_15,411
944,Alerta_944: Evento crítico detectado,2024-06-08 10:01:09.280197,Sensor_29,999
945,Alerta_945: Evento crítico detectado,2024-01-09 10:01:09.280197,Sensor_3,629
946,Alerta_946: Evento crítico detectado,2024-03-08 10:01:09.280197,Sensor_28,698
947,Alerta_947: Evento crítico detectado,2023-10-30 10:01:09.280197,Sensor_43,453
948,Alerta_948: Evento crítico detectado,2024-06-14 10:01:09.280197,Sensor_25,25
949,Alerta_949: Evento crítico detectado,2024-03-31 10:01:09.280197,Sensor_3,404
950,Alerta_950: Evento crítico detectado,2024-05-24 10:01:09.280197,Sensor_40,667
951,Alerta_951: Evento crítico detectado,2024-03-12 10:01:09.280197,Sensor_1,74
952,Alerta_952: Evento crítico detectado,2024-02-23 10:01:09.280197,Sensor_19,814
953,Alerta_953: Evento crítico detectado,2024-04-21 10:01:09.280197,Sensor_26,869
954,Alerta_954: Evento crítico detectado,2024-04-13 10:01:09.280197,Sensor_43,13
955,Alerta_955: Evento crítico detectado,2024-03-16 10:01:09.280197,Sensor_17,776
956,Alerta_956: Evento crítico detectado,2023-11-25 10:01:09.280197,Sensor_7,21
957,Alerta_957: Evento crítico detectado,2024-06-20 10:01:09.280197,Sensor_42,337
958,Alerta_958: Evento crítico detectado,2023-12-13 10:01:09.280197,Sensor_5,635
959,Alerta_959: Evento crítico detectado,2023-11-10 10:01:09.280197,Sensor_20,413
960,Alerta_960: Evento crítico detectado,2024-01-23 10:01:09.280197,Sensor_43,228
961,Alerta_961: Evento crítico detectado,2023-12-30 10:01:09.280197,Sensor_9,867
962,Alerta_962: Evento crítico detectado,2024-05-27 10:01:09.280197,Sensor_20,843
963,Alerta_963: Evento crítico detectado,2024-09-30 10:01:09.280197,Sensor_46,229
964,Alerta_964: Evento crítico detectado,2024-05-05 10:01:09.280197,Sensor_45,349
965,Alerta_965: Evento crítico detectado,2024-10-10 10:01:09.280197,Sensor_25,412
966,Alerta_966: Evento crítico detectado,2024-05-31 10:01:09.280197,Sensor_41,638
967,Alerta_967: Evento crítico detectado,2024-06-13 10:01:09.280197,Sensor_28,76
968,Alerta_968: Evento crítico detectado,2024-04-28 10:01:09.280197,Sensor_42,163
969,Alerta_969: Evento crítico detectado,2024-01-28 10:01:09.280197,Sensor_41,1
970,Alerta_970: Evento crítico detectado,2023-11-13 10:01:09.280197,Sensor_16,341
971,Alerta_971: Evento crítico detectado,2024-02-05 10:01:09.280197,Sensor_46,615
972,Alerta_972: Evento crítico detectado,2024-04-10 10:01:09.280197,Sensor_3,728
973,Alerta_973: Evento crítico detectado,2024-08-22 10:01:09.280197,Sensor_44,441
974,Alerta_974: Evento crítico detectado,2023-11-23 10:01:09.280197,Sensor_23,152
975,Alerta_975: Evento crítico detectado,2023-12-27 10:01:09.280197,Sensor_40,182
976,Alerta_976: Evento crítico detectado,2024-05-02 10:01:09.280197,Sensor_12,350
977,Alerta_977: Evento crítico detectado,2024-04-14 10:01:09.280197,Sensor_34,933
978,Alerta_978: Evento crítico detectado,2024-01-24 10:01:09.280197,Sensor_4,286
979,Alerta_979: Evento crítico detectado,2024-06-27 10:01:09.280197,Sensor_35,43
980,Alerta_980: Evento crítico detectado,2024-09-18 10:01:09.280197,Sensor_9,980
981,Alerta_981: Evento crítico detectado,2024-09-18 10:01:09.280197,Sensor_5,712
982,Alerta_982: Evento crítico detectado,2023-12-07 10:01:09.280197,Sensor_36,943
983,Alerta_983: Evento crítico detectado,2024-07-01 10:01:09.280197,Sensor_31,530
984,Alerta_984: Evento crítico detectado,2024-01-04 10:01:09.280197,Sensor_43,856
985,Alerta_985: Evento crítico detectado,2024-08-25 10:01:09.280197,Sensor_22,9
986,Alerta_986: Evento crítico detectado,2024-06-28 10:01:09.280197,Sensor_36,999
987,Alerta_987: Evento crítico detectado,2024-10-10 10:01:09.280197,Sensor_50,443
988,Alerta_988: Evento crítico detectado,2023-12-04 10:01:09.280197,Sensor_44,216
989,Alerta_989: Evento crítico detectado,2024-06-15 10:01:09.280197,Sensor_47,924
990,Alerta_990: Evento crítico detectado,2024-01-08 10:01:09.280197,Sensor_29,470
991,Alerta_991: Evento crítico detectado,2024-01-03 10:01:09.280197,Sensor_39,786
992,Alerta_992: Evento crítico detectado,2024-03-06 10:01:09.280197,Sensor_40,377
993,Alerta_993: Evento crítico detectado,2024-03-09 10:01:09.280197,Sensor_40,102
994,Alerta_994: Evento crítico detectado,2023-11-26 10:01:09.280197,Sensor_44,289
995,Alerta_995: Evento crítico detectado,2024-06-25 10:01:09.280197,Sensor_19,145
996,Alerta_996: Evento crítico detectado,2023-12-29 10:01:09.280197,Sensor_2,141
997,Alerta_997: Evento crítico detectado,2024-09-15 10:01:09.280197,Sensor_15,610
998,Alerta_998: Evento crítico detectado,2024-10-09 10:01:09.280197,Sensor_4,524
999,Alerta_999: Evento crítico detectado,2024-10-04 10:01:09.280197,Sensor_48,879
1000,Alerta_1000: Evento crítico detectado,2023-11-27 10:01:09.280197,Sensor_18,426
