Id_Sesion,id_enfermera,fcm_token
1,11,2KmD31d4B7ZkTE5BtlmEPpVU25eqRq
2,49,4ssOTjfHfVs9BOcfckDfzVonDeqfCQ
3,58,euQ1Xg5M0FmMs9TvH2VyBuJr4CYz8z
4,84,ygzTNCaDKBomYGJll4i5AwDPCaod5s
5,25,PZeujIdEt0TgNUHPBFmgT95D0In1EG
6,1,h6IBI5CfUY5CEGDXxtScdOvri1Xzxb
7,2,AhNO829WIGnDysM1qk7JDepdHuhiMS
8,83,i1Z52Thk9hq8P7uwKU9MrJK4jXlUyq
9,23,OSUH7ehDCVKFrHEQ789AXL981YJDh2
10,95,DvP0oabgsDrsLtswyqNQBPcu4LsFTz
11,12,B9LtRzlNBTvzCJet9qe1RooaFW3yK1
12,41,m57iB54X9eCCGvxiKHyBJWDdBMnBL3
13,61,UIYoHcsngqbPUlhkbIRpv3gUOcAiyc
14,11,8mookLL5YFcznnPr3jYEMUFUXLwI1R
15,34,zZB5RwHeDsqEpEfuCU5gSkBNfkkBLC
16,83,uRH0rSkr33VU750BgZQfweK6COPPJ4
17,81,4WXpihkowl00E28Um6PkwFxux0ZMip
18,13,RCS7WVo9LRcqjDE4NUYG6S97EIjUE6
19,76,bRwdVCEaWCi0NVdxtExru2vE3f7cEH
20,99,i816W8Z0jM1c2RGfig3T1hWbCz0SoM
21,6,vEoGHuvFCxHgZiLyz2R3bkrdDCjMDg
22,30,KeIKGKmxb8dQYGBBuwU3NMEjRbwgUI
23,96,AhdqiWqn42cDRwth2cbAGVWHM62WL0
24,60,ugbNUJ7QRE8iGKxeTgFaLWPB8gsymk
25,42,uYlTc5lB906vFBiWLdK4OvgouqGYtA
26,75,YGzFEIC9bqfEY6kAm1lpk60tzitCCN
27,98,z2T6oS3fuBG3PM5L25BNbgTNvwrvve
28,70,OtAwEmLEDJMNmMIuxGrkKpQaRo80Cu
29,4,lIpa2CwDWOGrEm5mAOvA7vghkfIcqL
30,70,OAM0oc9d3mRJg4S32aOqW5KB3cpF0Q
31,14,3oPo2oz67PW8kaQrDRpqM2J7ebdM6D
32,79,K1YxACg1XJ7btZFSkU03uQqYqtjuhY
33,61,PbRTB6uL1zq729ToN0ldFYYDk15Amg
34,56,RkQxcAb3yupBhyhfQSnOxJCw5JMUkS
35,25,UDFCO4mNq5dh7tFO4Dq8MbExwMhRsE
36,100,rmAFeZ0tlETnxdRdFKUKsBpeUy0FFE
37,96,duaIx9Yus2Xvo8gzvCgFiYktFVMMTj
38,39,Yy0t6oCtGj5kgtIL9G4yqxE1Y9txkk
39,75,X7H3fEkFYMs4icqKFYJRFq8hs73O6S
40,100,ajCHlxg52JbZZJigL4IgRjBaHNdJ80
41,70,bXhmg9gGsfAKez1c0cT2XPZXQpaApH
42,67,xzq9cEx8jPyIL6rXqpRQfhqooCsyY3
43,66,mNCP0AkP24FnGoMtVX0oFLxUZJbfxQ
44,84,ulZOlEigwhZypQv30TFT2D8VT4NV1V
45,48,2U3yX62IDGOQJLeAXX8VW9muGXjNZt
46,14,HLr8M5xHDS8V5qX5R98ER1T99xmH41
47,76,qkWSEh8mhpukCYgOpa1D9fFy0oOINM
48,5,Bymssoe7oR9NNno6RG5fQFTRtE5VoU
49,60,8SbQLE03FsHcCgiDWSBpne2dsSMU9x
50,21,dkZpT3Yji95EpoJSvpSf6NT5CNTbnT
51,26,r7HIcCAqvIz3p13yHNw7zpULxKpCcL
52,4,gWyyWczt3JNbLhgp9GI9ta5J8wqi47
53,55,YzqTxsVwhFfh2jm1pGxtrSCx94wmi7
54,68,V68z0aQg6DlbfmMQqDCN4vG5iugzV2
55,82,KAfalLsdwNOcaYQJWRNIaOS5g0u3aX
56,17,mdLCOr5nMmiuGvmFnd2lEI8S24a8mS
57,68,sECRmVHdBA4Hr3BqnfoZi0MRhvTDoj
58,29,g72URhBEF3yxy5zNBXwQ0h7FWOUf8l
59,75,X8SoC5eSFisSUfL89ndquwGH0XtxY3
60,49,NeTqf72zG7HGSOhhJ9kA04UxDwxOyn
61,37,cJFqSwWF1bdKahWkoI1MkgIjxTeSLW
62,32,VKKi7fBqPVRrSeoILeZECjVWRF23A3
63,34,EX3O3W6MP3QU24lCqNvu3scUUXcIO9
64,1,DjwjbFhZ6VmSqL1faKGJdanX2wIGBe
65,31,barOHuLPNvBrqeFNvaEkuxAeU48ymq
66,24,gP5gAbbVIDzQkUVCSsOL1pt3QQvXpT
67,94,PWGm0IMIWzEdhYUEvXgwIUFDTtY3Nt
68,95,tAb2Dsb2aenKPLvCzc0gWj27phXD8n
69,4,vtCzCXoO9v8EFqhK5UL2DcpERQpVEu
70,3,guQ1u8dC8SyhPmeZ3dUwk7uAdNnfUp
71,14,wailS3434MQcm2GMiSWP8uU5F8G3ua
72,53,kEPyhsXuBNitIjJ79Sij4EbXHglFqM
73,49,K7vzBSvVLxszX2YYGPi8tK6SQYS8YQ
74,63,Gy8zZ1nmMIsWMf1mR9XD4UHtbZKnSC
75,54,mGwc2fimtikHnfAQ6qzVYDRYVyL7Jd
76,59,SPjJqItpRrZjEYMXoEmLkru9GQzqkF
77,24,y9LEEl7g9htkVldFnEYN91uqxhqjvQ
78,24,a3rwRKLEgy2PsdEPubtoDHOe3Lia5s
79,93,WlO2BcFnxPZ0wxewey0ezu3rJcXcod
80,68,IJgJpgB03kVMdrmXNrfPvWD1EXOorQ
81,71,dP2gQ9IdLlEyUcvSCr5j547UnsKde8
82,64,qIsjNMAdP1X2EhZ9digEfhyyzhu9cu
83,67,r2m9fhByVcfKDYzrm5TWGzVNVCvTJS
84,11,97QveIdmsEhq7lGpSLubSRvPlSGrgH
85,94,qCAQVBoemFBoVlXzynCtgYb0wdXn2T
86,50,XYB1VixCPOYD9YxVLimyNQnydRE5mH
87,37,t2Ukczq9ttrzDTeL3xral0H6lHgIBg
88,91,roQMhaCH6JZ8icgzGtw6ulfVRuaFEV
89,74,9v3ejPH1ejAFs0Go5N7cvpSJTpVBLq
90,24,xNdMugsj8ELCLIuNoV5hc9Z2ZqUQqF
91,67,Oboe78GifGP0zyn2NTYXwvXbePmrse
92,47,qpYvo7sNTnuQyZiqtpCTvNV9VQMa0N
93,10,B9NGvKm5hnkvx0NXbh5hydFjYKiHGx
94,86,457fM25aRjuZSUYyVd0vMxN29psOA5
95,26,elqbw6AVUgC3Ym4D4gkeN07MS7jY4R
96,25,qsHaJz6Y1T9L27JHYnLhhK2wWx76As
97,72,2Z5g9Fn1AurYp2I12JIMGZxhsLxkW2
98,9,0INLqCxjYKs0HSh7RBbargN8e1lGt5
99,30,GR9TKLH2Hmyw6lxfA9NWOtvSouchVD
100,63,iJNPoYJ8tnknrrwL5ye7DmL24DYyXt
101,6,HOswH2ScjtQKuHJ2iMqkYhVySq6LOm
102,1,qGzT0IwU8To7gIKot3ZRpyNqD5MXZe
103,74,ESd6Ro0wxnjk05yxzi7SRO33YIbUN8
104,59,s7HuiXCQ8pueps8VvVjEA9Hl07wABB
105,31,dSzi1TV0KzNeOCUZPbjVTwrXci7de2
106,19,kdHNAy560tnTkSuWAJJ5MddBAlkZoK
107,92,UsIY6QOgS8TjW4WGupybDmgmYzLKFd
108,5,NeWTQgdhmWSD1R2Kg9ThLOQ1pT1wU9
109,92,LFdv3KLCbjjHazoCE4decNNIvjDrUf
110,59,VKU1LoXykIphUEkLvNUo1dzqDjslA7
111,58,9LOTriBhkUFQq3tD94ws8jDyhuZ5zS
112,75,xhlmXvuIMeyXKKNjUqbb6FJhoP46CX
113,86,9ZBvJYIU6dNVZIOUmVh7tkc7Tx4U9P
114,44,GPq8tsg6ofWI2O8Um0PwpB6Rb8C7jV
115,31,RRn5yskL34SFtx0VliznIYcptAKtv7
116,76,3Hedy201hDhKKhtEYydH598IbAWOWJ
117,100,cGH1FFztEde7lHoGFdL3bALQbmCbb1
118,17,2ifdism2IPbI5pMIRKG8MOYpfOjj7r
119,90,mbqht31UTf2GTEtba1rX0GXIoEEAOW
120,87,B5dU0dloAMOyf097anTvkdecA4xNs4
121,47,yzjWqoF6RdP9X2NNFhoA3J4VZxW7so
122,97,WKPacrPCmVYWuyKsFCXdKAmtDvM1GB
123,46,jdsq2WTh7GijBZMHx788SzeUhUw4OK
124,52,ZivQCqdAu1hvFyTVppjTA1688pFMvH
125,77,MKJvTn8718nnDJKsw5V9LSPAVu9wKF
126,100,L5ESTgRGchDH5ro8eZSRzD27AzB4mp
127,80,J5RRrbXZH3O6B9xYMLqhOpXhVnLlpe
128,24,vSVLR32zuf5W4kN1d1qd75EbK6sNXr
129,88,nMP4JZWvB2aRInkyFU4rogRnmtrKXV
130,55,nfFUspScLx6xbNUwWZR23yfn2l5MOw
131,30,BM2Kvlx7Pao5LGzr5bafYslGzu0mQg
132,45,LYJclhPrEG6v8OnKWAtsjvYV0HG0O9
133,7,pvrjEBTwasKzC6Bx0ew4eOePbPfFB4
134,98,VAvvcNaFIbZQUngpeqqwSQRTIPN1wW
135,40,m1mClHqw48IOEBf780UBRCvH4N27dO
136,45,QIkbR09dkQxgNwZNY0THUbWeIC83RP
137,62,0GqPKAZ7dkWj1c11DTi2IrZXW80OCT
138,89,1mWvnH40yVyitp3AMCwOmz76nIVkQO
139,7,dCgAwcNfmsRkMF6ZOAhuf28DRmUdw1
140,61,uY3i19OyCjsU8kpZJrL0OnqlpP2hUF
141,94,j1nm7gtyHHa9A2wza9E1MUnjZHFFlB
142,42,wggPhfypZfPYZcrgwnBVOb5rIHKdtu
143,84,Au9KPKHNccDP3N0LKonnpzbDTnjHhn
144,2,j2QVzj3Xa38r0Cj3yVSyu2qbypn3Tz
145,97,lr5u5fpMpHUWqMv6eOMz6bfm0IszE5
146,17,1oQ7KDXuJpQiwBYibudK3SQVcbtPiM
147,94,dhq2ctk95Z4SCZeYXCX9C9eginWhC8
148,79,nagykT2NZVTX6LpbCIBGp8eMtLpua0
149,61,YZpJtaP9GYxyCLFHKL4NiwnXWvF3RG
150,55,C2C4IlEPh6YZMSCTDtECcC5e05p9PG
151,27,YlvTWZz01IYJQxm4K0oy2XxDjbtZ0p
152,37,tXNUjKxzNZDGRgcBTbcnMGFEXHb4WC
153,99,qbhcdqpj0GEE0QllG5pM3kR1dDsYcO
154,58,p5n6UnsfqA4RNXGMMizrI3oPfI9Ob8
155,73,FmCvKE8aRHVtcZGXek0Ue0eRYQWZUG
156,4,lXdApuz9IgNpYihrnjJCzH7qNOyp0t
157,100,lQ8oEAtUkr0NdFvMbOS48ttozeScmK
158,35,EGW0pixScS5zPh4r9LDdDgfejo0vKF
159,83,XltDgf7TM87b9s8jtvk17inGLofi70
160,71,HWjnSZN023Gwsc2EP54XVvjhMN7rj6
161,4,5SOyw0nQrjwB5rzf0qxThX8fLuno40
162,62,pbrhvHg9FGM3hzVzU5IKYIOoBbfraN
163,5,omtGOXktAGNrcvu3ZWmVp4mUt7T0xz
164,25,m2JPOUTzgSWEDQiWDBmM3PfjXog2iq
165,41,lnbeB9izvcaz3wa7xMlZ6IXhdkqbQj
166,83,FnVC1iNh0Q6i6yZciJTEFsMZQ6fDw5
167,99,cL7WWXz3KyjjzuJFi0jwy7mVqj7c7d
168,38,qLRBQCmtzLzRbOqY1Ffh1sblsBgpyH
169,84,bbJ4z939sXz8x1WGN3ouE7hEe7hkWn
170,44,HYF3GnhLRfPsLOKiktg2hucB7wIplM
171,48,oJfueYxxQ7r30vyOj8Uuxn9YQVnBQE
172,53,SEQa4jrXK8XmWQjSMaGlggCIVzfwSM
173,71,E2hf0ME1fMtfgu9jXmBEtA2dIzj2pG
174,4,bByA1vQeMPlDRiqYlyB1jxIy7TH2vn
175,15,zANntk4qwJia0nMFJqHE4kJLag6gpC
176,76,LZWG5brBRo675ov8o4t6wSAsP7faIZ
177,32,3VQ7RgKQFmMlosUYyj3Q1FsDNmpRCu
178,17,CgNu0OuuDSvmLk4F7cmbpABf8Z1xi3
179,75,GIEYdu9bRnl92VEGTskXliAnytgXp7
180,90,0iNIuivLp72BdWJJMnexAUQgv562LQ
181,22,7fRb0uervaHWkW70xuO5OvGG1ErGbg
182,95,Rfmk2K7X8TP3DYmBGq8SyKF9aVwolp
183,45,aUcU3Y8io8t60j102z1v1grd4oY4LY
184,36,pAQX6BYrzlOAnhi0l8soeAEXYYTaim
185,70,1GbnKpOm4Z5BAvbxWEuxvvw6YNtJZ1
186,21,nEXRkZgyLjvSkdSYuFLl0OTzF34wIM
187,79,w6SlWX4yENzjHgdCwHXe0tfM5lRKot
188,76,tBtZRkPuR7t4QJ4MMVrUuFxaOAp9as
189,50,U08fr7HEiRcfTDpg0vXnojDsH1ju7R
190,1,rmedBpsilmZ1bBos9gDqVqoXw3MSui
191,70,CWMVnkxJghgPy4bsGAJcVlVOiOklLq
192,63,wruw8MTmuNox2vOLT1gmEL541YjzpV
193,13,VDaMAusgl2FFJEfM2EfCpmb35Vc1Rw
194,22,9O6NYRPehITEMUFZMDlXUma4ZwByB6
195,79,CG3ReYXbHCnCB43jOEZcig7oFcGqJ0
196,63,fft9vlrIvbxysMLW0QxUnufyTJBk8r
197,55,Bcyey4i7h4luoQR5KXzye1XhdNEZg8
198,88,grrCtZaOhQ2znmSSfFDrKqe3R0fZcR
199,25,xuLARyqzS9T5wSTVMOIoI3nCesvz6F
200,67,fNI0gLrgMk1GfjsTj080Iydd7Z9yVv
201,29,Psb6M0epCdztdhOqHvRgJQyP1DyRIl
202,25,HXIYGu1m0OAatMnsgxz5tBo1lCKME8
203,40,R9hMD2dVS5hjT6fRRm4U88HvRKF8Dc
204,20,5pZRKeUCp7hLJKk8enPFxeNdUO6Met
205,47,77EjHSSPQW2BQd4BxuopB3AmjkKXrL
206,33,WB4udDZsY9mhEbRqULjXmjopivEes6
207,26,7VkgAc2JS1ohfZFG5rNbnCt4vXV9qG
208,89,9XP1da1YomSxiVtC0Gxe2WODabUxRu
209,1,YWPHFoQUaeMt3J0ntb8lzjprw3ztyR
210,52,4EF2LKdKiruqC9Zm0SR9a97jim0y9w
211,65,2b6YjiOOJj3LSSyvdCHv4ncRgtAd2x
212,64,GgLXFmw7exB8RH75kfR1pc6VijoWgf
213,34,9yTTJ1br4RhIBqUNXaoGWg04eBXNys
214,3,MMbTfouLv3PlPvqdGmGSsimzu19vLG
215,51,m46BB2H47qp9oYk2MMEL8fdffFNGHH
216,20,sOXaSVzGVntX7fsCcEpgO7YWrpMAYK
217,77,GtipVHGTVjlq59eZcjI9574BGuYSLE
218,35,71uoUh15bAqhaKpnGLNeOC1ZsnxvcM
219,16,LXQEllhPohwq3u2A2nOKeQlNZAzfDE
220,28,4f0mdaovBFyJx00DilxVrrWtuS7iPC
221,27,5Tfvj26GVLSlx4J6Uz0JH6fynmcwUv
222,75,JDI8gwKBaPfWjcMNA5kx1Zayiqw4vn
223,52,ejGu1zXI8D8TNL18m5jVm3NAofL835
224,5,bImGr51tmMmPdUbjrMOuWwmlkq28jx
225,11,kb5tngDP2D4RnEihupOBz9Tef7azLn
226,21,tSOUSRM7QN4OG7XRWze3vY88kXKAS5
227,64,0nAL3UN5ChqhOA1c5R2h6AcuqUUFg2
228,34,MEGlhq4kWkCoU9nLR7QtgQh1NkfUw5
229,55,SWarEc7Mr8Vh1p8QoVyD5lxJRJKpOE
230,4,qjWHumc18lXS19mUvYp9JYiX45uiI2
231,6,wQrwHDLjeZrVsgegBmrIZerABoC4s1
232,84,69q3m8PHlNLKKo2HO8vWL5MX0Ag9fT
233,49,7DpfhW2axXHCU2nnABk18wxiUuETzA
234,90,VAxebxwPa4aIqasdQM8GeNXr5OpNvD
235,15,NoIlF2fYju5AOfM7fRnYe2JUy1SZPB
236,73,nd36KYsXEoMQiP3kuKHF72SsWw4Ksp
237,13,vuB8jxxvKqWbOAFvwnbdh5LRIy1tej
238,75,H0YaJXj0iwcaIFcPG3SCs1Evb3h9j7
239,29,VRnz73w7lhhDFBneYD1qtMDxnv1Y8v
240,57,WndvELEkQHXJ0UdioCmOYsO3zgKIGy
241,61,rMVPbPhUXeHbBkUT8eDMsrpaAwdmkh
242,32,duH1386hjQOhdpt821UR4bKQpn28u2
243,6,KcEKxP7mDnzMyLavqsHwhDBZUrftlf
244,39,3atyS446Th3FK9wq2Fi56WmSUVzYuO
245,27,5iGLd1Ek7fnhIYqhp1uKEDLOi1zahy
246,65,zQwSQdS43wmb9rpeiyAEkmQM1B0LDd
247,31,J8IQ1YFolwVX56EX9umP8WZtnoftdf
248,50,BPrv3z51TBvXVXJpeS2PKPp6AV8OaB
249,76,85GJkYGkAeWjjB8u28bjiv1XwVP1wE
250,55,vmxhjbdSwkgFAFqL6heUw5TynaOyMA
251,7,oRyaezEzmCxVC7aiPVYMbmJzRiRD7a
252,77,tVcvm310kSrzcQ4EIVTg2xrHsPEWtI
253,49,BNvv64wS1VHRJx2oAnvLPgOKcLNoal
254,41,qUClOWTy6QMD8ZZKZm30da1pojCG86
255,17,Yxr9NNcaJcSLkhxDmdJa8T68MkGs5L
256,21,JFDXXCoB2PZg9UaMBxokGEg2rog6xv
257,64,RYrmU64KVuMzE4uQ3XR6YvpZDwUcpE
258,6,Ub7NrBgdy5LO0svD3kx6wypFp1fgcv
259,48,BtfgRsPeH40OBOXrxfr26J4ByJxvNx
260,41,iJ7Q8YqN30uMijQMxJwqXyBQcLHl9G
261,72,z8g41JB6k3PALj7oxAmVJS7R3ENgUr
262,11,n1oH1NfI8BhjWpsSS1HVf0n8ptsC2n
263,17,UMxX05FsrNCWdJrj8W1SjKgkdS9iyD
264,45,TRu45UKZROp7MZrYcTYLsVJy8SjLUC
265,49,CkB7llXX6JTfc9w4njb19l9Udhy47G
266,69,64vlDFbUwxgcirGiGeZ4q7zJ2Wd0OS
267,7,RPoUBIUI5pPL8MA6Lvjx7WgBbxAvxF
268,45,w2RhZSbq3ZOqFVQMSio1TLbomjxOU5
269,79,IEo9tixBof4CYE9VvOtORlgrM7GalQ
270,74,JnC7oBec1SvSwZ1qixQPfOsZ9IgeLu
271,43,jsbjon5eaXmhj5pwiyKdqkcVbk5HNJ
272,72,k3NDXbSXHmsrU0s6tSDL3q8fNq57m6
273,60,hk2uCcF4t48fNHOdJ6YMXKqwh9D6D0
274,88,ULf6Do0nTwhNODWngPiXx0Dq0eS38D
275,76,Rd9VpgTcY6Tox1Zljfl6kW9uTQvcs1
276,93,ow1YqE7Jsn00NJ1twpiRSM5wYpzLGc
277,77,8zbEk9sodNo3aDyJDIhjd5zMa3IkrT
278,98,5NgdmKwMi0H7fvGoHRNDAIu2CTw3Ym
279,54,ai6wvcM5tPHJwp68VH54v7xPPU0O99
280,61,RH37ZFKqhVKr8APQnlSypmBoaBSi2m
281,22,qE1O7CxQetfTOh4NWrDKDCtoVn9nch
282,4,yvG69TGA9A5VpBTeLG5DH4EvRhZbHG
283,89,QJzjwomNTzg8Oo6XighYjsSiCdxwZt
284,100,sTdkA6Clu38rl5sS428mc7aMHr59R2
285,45,SvfLRD4dqohxuJQC3Lu783xUAIBeoW
286,93,FyttdHjioUJbo0AnLQvbRNtuKvCHB6
287,9,8wvGD6vWUsAuiDgmiWyKCD6Zq3g0gj
288,53,2pMuCsClM9JWLAZkQK2q9x8OkHIr1K
289,37,CuTOVaueR1sGw55HDKDzqOlKRkxIwV
290,89,TifCbTQmg6NGNxF2P7W3dFCoPLETfM
291,24,xvc5TH5VsW8jvXO8koAxYYaiQ0rSrA
292,85,GO8GecGdAnhYa1rProfjsmWHbIWY7N
293,96,77SbQUko2fjHsWeIflEob1TNkuV289
294,99,91fFReUepUzlpolsy4pDVJbnEi0M1p
295,17,bXnXsr8Gk09jFSubLR0SuPGxjPZnGI
296,10,AtM3uHRLLChW85Wut75pPWewykHi5j
297,64,T42PkeINeDCjHNvpHkeqwOQLRHWp8x
298,79,bAZhD95D6eUMjBxfsU6OtAOQ1hqDok
299,36,whqwajdbp450QlydnL5mhRm1wEvLY1
300,34,FCfKZPoqp7ODcgGDg45OAdswr7LGes
301,99,Ncd4ylca0SkZQJMTH14Yg7OJKaIv95
302,3,Z4xivqEe3JyCgAnPkLR0t6W4DC5rw4
303,12,D3ZBU2Zu1HV3OrsuiAFOCsUfIe1Dgw
304,69,YvE2dvdd21FXpD1D493H93VDgDK5NM
305,94,PDWloRA1tEHQjGwLCJlYDHPvqxZFxm
306,72,HZr56FltOflYcMeLdQm3ALeMUNGPTk
307,24,YqcTgBI920MQwcEp9cdbVQU7iV3QJb
308,2,vongGJAyEZen77bRAApHo6qvivMi4Y
309,50,9thnB7og4Ma1F49GrHdNBSYbTw8q3j
310,82,VS00SSmpFTHo67NcLPmr4YKxrsFCXX
311,65,NCvwDA3OKq9EeliHEAjZoBms3mCCGj
312,49,bTFLo5DqPUlmKVUZsE60i7urxLoYMD
313,6,fND5vtFpaxVPYK0cv7x33uuCCPt87p
314,86,8DiEb9gHqNUNefu0E2vreVkAQVLGHU
315,31,uFfhmMXuCW2houx9l49HILpgBXetwO
316,43,fTpBZnKQ5YRb6DlSo7p22YWV53MKBH
317,96,GezyQoU7IFzuAAZrJiC8grbYj4DStR
318,62,0pIexmkMLwRReJwtlYlryBPEd8n00e
319,13,9yfTwgHj7ew7KBgYn7EXw2Cm8hDW9q
320,41,bgAVMRMzjGmz1RIgAONDLkyr5yaDrF
321,70,OT47ppovZduhP8bEVlcaUkSu0y1T9M
322,4,PEOpneE0rGw52h3HpPcAWm0pgYM6gp
323,85,Gs9ydqkfvI2A67n8ooI2gcihI2Dfeq
324,33,2J0x8AXea9MJciRvc95ttavLSsDqz0
325,40,xnKO25CAWHIupv5gzQL1UewFkGF29l
326,50,xzqNjdWgfocePCnQO7t9xkjJuqB7DZ
327,15,0DCearZnFy918ncmPnmvyt483g6KiM
328,9,potO0m5GXMFcJMSuJWGfzfN6hcSfaT
329,92,4L6NY2IVgxHtHwnQY20RhP089z1lIJ
330,87,4xkUCDUNUuXoDqVNfy1bjmRyM0Orok
331,76,f3NEIssSMgeHPBshRByBGaA9ghI5Q6
332,8,jFr16RLwxoL1EXnA4CPa1H3QPVCxCx
333,66,gYTsnCGZpml68FNOQOQKOAvUnGyTrr
334,53,mXovfr1Q93deXJi70653vji46jADk3
335,71,GgHOdRw4JDfKdsKMytHpbyOraqDhhp
336,21,RQ0ElyLj6sAhoRc62ILYy76Y6gypqJ
337,91,yMHMYeuO5QJYJ10AiQCy1YBPMA7RRf
338,98,IEaQJvw7haSdPs5gPbuebmeo3Gwsx8
339,49,oYaFySszNl0JGcmFHtPhINSm43L6rz
340,30,z0wMUfFiSJM5DWdkYObTAgb95jCa1k
341,26,ZL6oXNns5X4Sf9Dt2xRqGMwVMxm0hX
342,58,ezRiTRp3dBrlaDB41CgyqEOgV6Pm6V
343,69,hZfCFCMwQUaqLYQzVY2fG44L82QPrj
344,52,g8nqPbNEqolIuMoZ1xNE2ZRQnlGcBr
345,47,U3EYfn3SQ58FRowOffqZ0LRUeifMs8
346,66,bNnRod1Mgdakmr2RXOzeiReNT45QTe
347,14,zWsAOROfNzUDFFNDN9TboHOf1s1oMr
348,77,UF5mden0JwlYJGviIK5aUvS1wTeThL
349,42,J8D8Em9tOX2LFH6sBTOIyvX5JdsRdH
350,73,dhtFVfh0GowmsCs90hRaB41JRaQ2MO
351,86,TRI3CEMFmlyIZnVmiq6ZUvDfHCtZls
352,35,QelXV39qioFfOWiuZDYNtaoP2cbO7Y
353,19,OLSYHNIhiFF3XVklM5j6fSBD4jm8oQ
354,86,fFl9vnHONNsGijfAE34SFXUxGASsee
355,28,G0mXcfvkmtEIrS5OYhhOSqcvlUxkEC
356,17,3FLE1p51nNuvtZtUgJfsa49KuluugJ
357,7,JVJxrwZ8XwmFE2A7h1Q1g0tMPVBsDE
358,90,AfDITTILCzpZfVDWLJHndnPuhvmp0d
359,71,hF2gTTRB6ilSEuybmJ6EfKW28X2jtZ
360,100,g2w7l77EXTSrAiBOt49g1WQywrvW22
361,36,iA179iiwrB0wNpsDve0kdLFhtnlGRa
362,8,zMdOm2BCGhcmhIcXtG7IC9sz6NoIyI
363,6,toC5YIpHBDXLSTbATa03ULzTaT3Wor
364,54,l9jNS7qsliKMTT6Bb0Uj6gvib14ah9
365,41,TF8Lv8c0oXOZ4xFN77EBUIjQMmfo2i
366,21,G2n6sjsT25DmwjSZ9wddndrvVilDfA
367,75,Oyk6YCojY0k1UandgddwbA8KmdGRKn
368,21,pt5MLccdMTa0egaFwJFqd6ubJUGxhS
369,27,xxlgrmitmmQNPQEL8ZmyWomu57HKLh
370,33,3yVjgDPsGXaCYV1JYmjV10JjQPhIQS
371,54,h4s3tOCqTfzzKzzsQKom3Be2IxlvVF
372,93,aSpGkV4DCJPJW5ouuNh03x5Vxtifcy
373,79,nUJlDnmOpXu4il1nSaqK9cSkYcBZLY
374,76,upuFizl7ZGJaM57dGM1rgs8CML7Vxt
375,33,ypiczj878NUkJNsGxW4rSkMIvviOu9
376,29,3pVbucWrzsQsi15L1CeIuJwDP9pS1P
377,5,RWR058TaukLyXasVJrsNRYv0mLBsRX
378,27,0e8GLODkykBlr2oAZhupvQHUZz5TKO
379,16,xLxl8moabUvcj9Hjh71UHHwgyASkqH
380,33,Qa4r65efHui5VKm4cZ9GkMfWLo45nx
381,77,UIGb0A56GeqwwNVjEddv7mHt3nQQIj
382,49,sDZuviwWK8U3OXyZaMLyic8tkVUrJ3
383,93,8B1KEN70ARPhMjko06jaixfnisgffA
384,87,Ua2jDRcEIAl6HTsjjwbVLAj1sgIp7W
385,74,wYNVniK5v2mt1MBTF7btzhb2WOZj8I
386,60,b3QutApSWqd3I9Tp5CHhKuG8NDr6Mr
387,21,GY6ZAIFRHuEYTNa4OuE7WEfVXRMpIh
388,48,R3MQhnDGtmU2lT7Q5uADR4ezr1kHic
389,48,xcPewJvKw8KMR24o08lbfTCeHICxQB
390,71,reZPa89fCAYMCsgQ3NyFTZrTvWhlRJ
391,17,pfhzhNtYSdv50i2sdroayRGNI0PgXg
392,62,a03we91uYl1XTtQPUgXYAIAYBMDXr9
393,73,RCPTm5bQSMo2KqBgfKItjW8mOsYBm2
394,85,SdL4Pm6bKOcD611Lye6lMlnj6fJpJr
395,59,tyx72nyjeXuOsJRcojs6EePzB9AQ7N
396,75,2v7lP7gRDIqq3N9HZXbasId3xV03pG
397,74,Tr7pcNiJkCK7ctOS89KW4ftX3ktc6p
398,9,ZBFIXHbmUEnzFCp2qOtKONgSbREbom
399,59,DkvotVxBRRVZnwleS0f1LNy28bLQCt
400,88,1VPHc7ErfHDJyrokEcIlUM6I0ejQBt
401,78,kUuwQUha0xD7GxijE8NSfAjEZtaaNk
402,72,J0JSagmIXnywFN6PM7yBS5P8sa8urm
403,93,k2lh3bXlgWtm2aqUhxW0jIpO7IAq8J
404,61,rqtq9lCg1xVV777nYGWtFkGeL1tcW6
405,28,e0871K7KoUWMvxye8A7I2gYERNKMre
406,21,bceRRw136mLsWVNExnnXlnMGiZDyUW
407,3,0nDsvEQ2lDDmYLgAcUE9k2P3GNSVen
408,54,PcDgG70NLMQKMKXxVzonwTCZmSiGg8
409,11,8PbYJq4CG3KH9VOXAV7ayKFeWMJEnq
410,17,bsyJJiYCts2WM8EeCchYCom6RirOvm
411,67,2Gmx1xyLXYXSL5RNLFE7ID4yJnCd8O
412,5,fy1orV3tggVF9tqAkgK7BwncrP3mil
413,28,7cQLkB9YInDAzWHArEOj1caYA71XMO
414,96,qHVc1MPTRTbERAwzGVefdjOOFjntvh
415,80,tvtX8o3dVS5pNNWc5wMRbb1H1x4wKi
416,87,eKJI4TVOeTSnsXdnlgz9sTXc404wM8
417,67,rSMrmLvxLw8j74U71aUw09CqPH4SG3
418,76,atUSCh0zzsjXID2hTZURewGfZxU35N
419,63,ycK2XHM2BoRk1mad5yzDFbAlVAP8Ok
420,63,q4ssdQybt89PUGOJhPgB1IYfvXfMrr
421,77,mPw99vM6fe6zvuVJmQIn6acQcOIidl
422,68,U8pF7FMtcP6bECHUdRUUxfqkGqrab3
423,29,c0LYoDd0EbaZQ9w4nXG6TmXQKb1WGW
424,28,Ua9L1eWwSozFLMAaiVGzk0yW5SsAN0
425,64,2MXWV5CHDDVnRM6gJbyOPqFQvRXQWb
426,95,dKBxrzH1z1c3FyHSwnr82oDkq29qOS
427,27,Zw74sGJBIf0BINHzkwmhSZAVbNE28u
428,42,vhw1arSYLvFdKQPsMLQjtWQU0L4rqc
429,45,yUrKcCreoOFuw6C9xWme5YFaD4cOHX
430,99,HUnKJOJmi2dVJJTVbAmiO6fi2qRwsu
431,28,atorPvHrHrDBCrmjHMlKCLKKr10Nfe
432,25,CEaJIATjYsD4s1L8iaP69ZeQTmuICH
433,10,vtPgMbNFPd1bBfyfyyvwOaCmK0NHI9
434,32,3gS9puuTT3ITkZefHTljPrWfj8qzqm
435,79,rQS8kqOoBF108GEcn71lXuZDVZs27x
436,49,t78pisQsaSqeTgRIiro08ZazA408p5
437,79,SAKANZUJqhfKff842ZmRvhCcZyErRt
438,51,4JX3uoG4UmNvb85Kpr18aqARCYHF3w
439,26,OtXcASXfWmr3yF72heHx2DzD3v1WH0
440,13,IKq8xmW9AlVZeaVcgoueRj3uSbajnm
441,50,Nt0TwVskO6C55txksLFg4prr1m8kIi
442,29,DgGwjEpi1erkzWSBxv2iEJDoqdqOOX
443,38,Fx1YYY2NiK9RqJvxO3DEJa5Wu7gQIy
444,30,WpvmkUcNu2s0ULysxP0epJrLENf8b3
445,97,ZB1DOX4qdvD1A3W7HQIEMceyMKvOtm
446,10,rsTsVmOaJOhjFWk0faWG2zcwfMiOTa
447,57,TpTKO9skOJywBRhr5TEV9OtrD9uSff
448,23,JAIjDOoXs6AzxgPTsBF0TDxnY2PC9F
449,85,0l0Z5vBKjQ26N7xAGJJA1lLtpFQver
450,9,V1E1fTMm8pY0OvOunGEMEJI3D8frl0
451,37,TZZBB4elTjXXlNcSjF4dPRiz5jsHve
452,72,tpMFwRK6DP38wuDOPPXOglZMYLL7Md
453,22,YeA6xSkOvWJ7qBYSmNSBL7Dc3VWwVs
454,70,5N0jSLEicUjgU2ncoUkfuRZ7ddg8Zh
455,92,X4gjgx9k4AVO77HAr2f3Zq4WXv7APk
456,21,pOE3NLVvslHErlbXlGSS4q9S5UhV32
457,41,rAghKSeXAn8L6jA4HkCivwq4WNN3U7
458,45,Eld9gOkQMGZims6yv00qblXNVIVhfx
459,38,nHTaPckZmveOsKGxje3pzxy88PqgAT
460,88,YZUHpC6YxNmGAfsN7pVcpYqfaYtVE3
461,65,YM1y9rteb1vNI3FCOCpDBfiFeMtBM5
462,28,aNHYl5ZTi25pneP1VKCvbs5ORy7c3F
463,88,hmkhpJdk5ptaZ4z5cgUl2YZxojAZED
464,10,40Q7Sxrkr0iZNbMlwWxr5NoRbxNvsv
465,85,NneffqcYrKHbqLgI6aaMQ5LFHfdvxb
466,79,VGOFdydO3EW6BVQPOU931TsKn0wAmQ
467,7,o14Xpx6ds9nm0Brz3VK8BceXbLrnkc
468,91,CJ3AaX9O1DqAKgqkVXOMCPRoPweEUp
469,1,EhMeICuvvn3AB6dT4IueMJRGy2b69x
470,17,veHKKMgveJTT3ERFWLuidARu6HoSXn
471,56,tQs4dD6frStqC5KnIiRiqEeayf9aZW
472,47,HjMpp8VnxMC9KvztbjHet4UX0FkM9m
473,86,d1VcZ9VD6ickVlU2GfJquYmt4wrXyj
474,2,4spmfjjMGIkgg1NJwra39lhDcyHv0z
475,87,Micdh5qapSpfs60VtDtErIK4Pj4rgU
476,84,INvubf0MRn2Ysp6mLpmeJQAaghaxOR
477,84,hBTmOtQKfz4uVMVvEdKdsrtjfYzlML
478,6,skWzcYgP7MprBIgYj4QwZolcnv9HDx
479,66,8yX8VLWK6eI1D4zDSmzgOOkeWm8Ls2
480,56,nQCytTMPFhLwug7kmYFUiMvV88emlj
481,72,Q46yTf1eNjpAg1DgTGhnpqMEG6IEp7
482,54,WDTk22V7rgnw2Ann1implJ0stICd96
483,77,r6aLjMvFQNKEgSUX0EgNo4r6mj1nyx
484,86,RtcxfXCulBS5pxyunnjGISLSju99HV
485,90,HZsORKYpFNk1ruEcXax6JUSy5BV93u
486,65,kudVKv6KJjpziWiOb1BAMGneGiNTbs
487,32,h2bT5nbIq5PiICjc3c1XXov2w2QRPW
488,31,E3tXLcy1bftgqXnBZXWVOQTBquhgEr
489,8,7XQifXtaqXzHx3vxlQvGP8u13rxYzr
490,82,Pv8F22IQxw6tTeXaVS3AH2lt2tu14T
491,42,5xKVrMVm8C73f4ZWpHS2QOtaVke9IZ
492,38,rL5IbElPru65R1gorxKlnAki3xmHuy
493,49,gILtykqaqP1TyxnyoQtjC8APsKEGIc
494,97,gPARpAoHsdNLj2WXTat4SoW0wUiDgu
495,44,hC37dPCQTuZQ7wZSsUsKTX04lXgncD
496,57,hTrf96qd9sX6YuFGOPDzUJyXdxIec9
497,60,gNG32AZIKPUEpiSg6SKZNnlUDsBTun
498,71,tL6nEUj2s9lSxJzR2Skdab6L6oKril
499,97,VrqBXrOVChNnXemOn7gEITNj86vINI
500,17,O7rrn2mkergF68C2z5CcHNWe9w7yxo
501,90,kl5xJdDk1VyBla5TVe9jRH4xKuNcJR
502,70,uweHJwpU8jnLjbkt4s2miMcKlNYHcd
503,27,te82RHP9hXE0pHtEbLZ8s9Ax5PySzT
504,95,6vqAEn1GeSBLf5mDLubjKnVhhpKfKQ
505,13,cA5qF9LEd5f8rdhirufvyJMNRzHUCC
506,2,qgcni3SOMJZyux9YufaYi0iCtp1QoJ
507,8,2an4u4nbnCnGdkXFfvC3dgpOKzh10Z
508,66,Atj3g98vfWtCrXKUuC0ByUe8pwwuWu
509,5,x0ycb01btvz9WRHX4pCCDcoLJBf1Xd
510,88,EDuyAWpUiErmfQrZqQxAqdFMNs5CxJ
511,60,rl04YwraHe1smiTi1b5t1U1lkik1pC
512,14,ld4Oug9mGnEXn5Venimuy758eEPr1s
513,56,Adey1FpO5x5dj6YNMPGtHCPTa6cqqe
514,84,gs4t0YWLbbgSMOXeKfpJOux3m0IDJ5
515,83,YhUGk5sKPhjW3cRGqN4jEN7zCicg0L
516,1,potDFcmTIzMm4q5qVxGraA4U1fDXoa
517,81,xPJ7Bbd4jBJYqiIwHPIeYWCCWcSYwP
518,90,m6xNk65h2IsO5alsIfYngY3eLPeCQb
519,25,ILzn0eSFiN9xqtJT08VLJu3cWwixvQ
520,51,pW3FpZDwHzqPxFN0s6eejWX3xAhoSi
521,80,4hcDtoWsQUCmEuyPww0qalXgdgHiBU
522,23,yL7W8ejq9TtL8ytDtH3ZdQzRCW9IY4
523,59,qQ4cdXYuNmnjXmbwSLriGzvCiHEEyI
524,26,ipwD87jdB5KVNKHt0uzKm0kSv1bWp5
525,10,KT2UxKZn4o5aHuZUHDufoUjQS88QzR
526,7,pJxyDcNi3cYLJ2P5kxRPtzV4LtDlIj
527,66,sHLi0KWkiNBGYM3HchAoHJIA8W4on5
528,35,k3YvoH7SPC7XoTmI3NdqxKAag1iPwb
529,80,BzPNIREcvD7jXfl8RMmqHMaQdTbH3k
530,75,c0WeG6k2Y3bJrmnqiU6qhvpA6PSs7U
531,46,XUuk4CrAsPutoYf1GvGdAhA0S7nipA
532,95,piXHIEyJkJBdvANdEhd1nfO6kdNAQU
533,24,v6hN7GXg4ueMkjaKnIyLjR3GlveZQR
534,50,XyFoAi5u3U7SlXE9DI7i33ijgukS3o
535,62,6WaH4WpfignWv2tPKZG6FzGkEb9WU4
536,48,u62QQPDPY5hfrk4XMh4gZjbFB0W5IB
537,88,76blcDBxaIbCFWwmaqh9y8ZVJIrjDh
538,10,qFyogLGsm6VoJxGIsGUOWwwskgvJqn
539,48,rMprj8QMsRBTVXsNJWOziUWHgQmhM6
540,48,wCUFZSEJtYQt4RNWKGYKZSHz9i0FDv
541,3,IxPcm2PWH7WVokaj9DaRR4UFidPKxj
542,25,z6JjkBP4ZUEBV0Hqux0vciDgnf0JIx
543,1,IbS8qxn1Oe8uSgzBXszm96qjo24Eu2
544,96,rTojXmeU8Q4NvmFvFmqjcnNPtiZsMC
545,43,pezFIoQd2BguKtik7IkBzRhE9lp3TB
546,72,jjGqQMOFHKzwD25zWgyFA142MWW5W7
547,45,9oiqiPGMA4i8hbHFdkUhtSLWi8E6yb
548,21,9T00pjfrN1YGUWdhsLHhMe9O3F8grZ
549,38,Jo9XsASnULeM5d7r7u4cjcxmOyUOby
550,99,Qf1cytvvUvOC7MttNImudfOvWycb1L
551,80,H7tShpzbQMaMsUxdLKkLehJ5zVJ1uo
552,100,OzmyAVh5gdt5pmlk1nAoB7r746Kg0i
553,64,GNqB7amxK4qk8XKzJZoQOw8pItZwZ7
554,69,JpyWaKpRUbIE53w1nu3a40tdnSme1O
555,85,iSpSRSF0YrWMEjFJr7msJ4oNwv8V6X
556,20,uWY9ZeqFj7a6DT0XRpUHvGFYTlRJFq
557,1,DnwM5EJnz6N0tinAJEDedNPMKILWml
558,28,cAuD8DrFGu7KUtGxS1gyu7CmmmqrJb
559,45,yL2Yrf3bML5yAd4IhLVRUmDgUsrB1t
560,42,1iLgADENw8OjiPg3V8csniidGG3m26
561,45,kGNAqRg6IwOG5Kd0FoQzd825nX323j
562,43,pC9qKVRF1DVKFmWEXTWRSwiSUTKm0O
563,83,K3Ss6K0IkjVpHgEdqieylPScWNmVAm
564,27,Zyaxttpt6o1K5SpjdPUY356YruamYc
565,80,f8T4VEmfuyhI6FEclyJLCBPX7Hb0wX
566,47,uY8O4LGaDUe3F9M5Aa0pj6uykSyYXo
567,42,ZuiMbfnEa1VJhQTtMqvv3IrKkyr0mu
568,38,RRyl9aQwXKeCKdUyqhEJvKHLi3le8q
569,66,6lpScxNUcSmPjWBezReW9P9oGmZzyj
570,1,X6tYMGZu1Pkm1xx82iMsrypM8qINBU
571,63,LHMafdYwIbwJaRdavfZrGcbNeHIpaz
572,48,N2LhYp157CMkQczgyKSbGDCFYK5XZJ
573,52,qRgcbOqrMSmjfvq66JLstkAeufn7Vc
574,90,sXKNCkpaEpKAjOF3W3ShM5OgfYp6fL
575,16,yMPPY5hqzOs17YvPOrJ8orrgjI7RJ2
576,73,fACGBPot0ZU1krOLSWLwshQVgJ09oC
577,15,zRx96ZtgNBJ2nMpHTELgnDjQLs0Ew1
578,81,lhePeWGSJrzpXZQCjyUUE5QAnefcEg
579,87,ZWsapzuvgndSrjzpgNl2tAG5voKKjw
580,46,rd4NLNvMevUP0IaLY005YWFjd6BOG5
581,89,Eq1R4aYPKpsLDre9qFg5R8UtDhDlAz
582,39,zVgXptPGO2PRuu8oWbSIl974MYzIhf
583,86,Z0yGQDCvnXktScOgCWmXfAyZERK9wg
584,76,EQRXIDmcRDTkKduV0CJi3zHQmpQMYh
585,42,NxRuatV3FjkjGXGaHA4SBNncDpjGFh
586,79,l5KHQ6yXjg5dN7JzqWuPh3M6ySWWSo
587,25,nd8TSBJHdI4Og3BPDQknLBLLuNYNG7
588,35,MjBTVkgQomTjxASCLtSUooLO2vCh6Q
589,15,lrs7cvtnlo8qNaT5WtXL5YAoc7VMqG
590,50,YtVH3QBxlUW5r4Gc29kAY1mq3fsPPv
591,13,abNs3KrKnFTokeb6jrJxomxzbuWzui
592,59,38l5RPBOyydsidzeKpCjOepE8IyHTO
593,45,n4G5QMq0WqXsgvb6X0HFOJDdmw1RVz
594,22,IEBWyrYfFOI4gS7VmIZEzA3kLEvuXM
595,41,HdwA3OPgLzk9BLMRNO3y1tUMvTlYVN
596,58,7u5n7u4p0I64OGBH408ib260Gcfq8F
597,62,JdGn67zbMDBiZBXsc1tShtZvUPyD1U
598,44,3oR8NLBpcFKq7DwSwUiBksoqkF5LFp
599,58,OYg9V2eC04lqtZyoSXsXg07VgFShp8
600,80,vcr7Ub8QKJwN97p0uKGfkTLDTWFevC
601,24,wkyVHSg4jtSedYehfjFQZzqeN81WfQ
602,51,BPvXdUVaynnbP2prtButetoYLDJAG5
603,51,8vPuU7GQKnRN2NN1gGO2zw5ahbodGV
604,36,QR5CXySQfPOx9C6a9wCHyXFxAHFjJP
605,91,pxDqgk59DaOc8bsUeYLppet251VmMu
606,19,sZ3HQRN40emtDPYTEjdPbfVA7sie1q
607,93,21L9LvrbqqcXXh5lqKOCfdr4S4toZU
608,51,eK2CF82An0NpcqjnMxlpRK73eFe8yE
609,4,jIZsr3j8KaarqdsA4s0TRgwLdo18YV
610,38,lHlOCL1NQnaw2MUFS3a9NKr5KagtJp
611,97,ZqSiyZumfiU9FZ5BTUKTpA2AxE6Qgg
612,30,aPBaT7RrA82kfnRf6YnPj0NGGvy3WM
613,78,6lACnnOByQpgvdCFrZjX63DvanWzBt
614,29,Bk4WM6WL3pwxSQVPMftST8Zdmk2yBe
615,13,XPw1yddJIPDQPuZC7ShwoIts2jJoEa
616,14,NEdOUtNnExV1VxcwAruioC27lj7p00
617,48,yAX1kFBzO4mkgj2xrHGRrydZ90FHQr
618,27,CHRnJsVmHuZ96eGWPHZwCdULp7TeSc
619,50,qb4ylsfW2uSZXEQjjvPHx12PzgtUhp
620,4,ksylxVO6fLjiUlOPVDgmwZcEBqkUPN
621,69,4URGQccf3slTtmPnkWxScOvCqvs1DQ
622,40,6Ce9X82djom5Yqjno96gd6CeaATLXn
623,56,t0KSNcDIGeglWTZnL6bjvdjOiXq5DY
624,54,KAoAYK6xt6Z7ct8Hg2poiI2TjFUh4o
625,44,EAj1WTHBRWtHPifAGM5tYQhybdEtyh
626,71,e7YnKYGFdGBqbKzqLCHxRiAsaBjnig
627,83,AMWCLBbqVPRPsCm7In7AAn4t4hZZ7d
628,62,dOeX9wn2tRcQbwNimtp4ykZMd5vz1W
629,23,mecYTvgYkofNA0iqohzc3O7OUa75t0
630,38,0bZXQmISCQHrgIjnShHko1CJNc7g3V
631,41,X1jH6jOo7HTzcLd1kIhkP6cp4EGYcA
632,67,bu6qRyPaSdtNSYOihdmR1DYy5e51kU
633,3,bAWJq0wOUCDxvOYPDqXaWNSLA7cZX3
634,98,0Ftlm45yAsT8kTA0T51uPTmtW7aYFG
635,48,26dWCDiBsQ89NepYVHrw8vFum2hBhj
636,53,G7DlGGD5mD3pdd9XbBtfEBYiMLB7b8
637,63,hYVu5LzAkQvfHGnSBoCpPvnvDPIyCa
638,18,4pBsSJy7fFalLCTjydumxZ8thAB2kH
639,78,7LjYpC3Rmb3Yx7fTWusI7Xvde21AqN
640,32,bGjORHkFmPYBgLNAsC2Z1FGzBqzws8
641,81,7rdsGdT5k0xJV71BFVIqqKCmDGKevj
642,57,bWQgq4TqikA1oJcSEHgvxdCzdf5c1J
643,3,IL08X6gJJZBXIwUz18tPlsxKFDluWj
644,2,1vB3x1T8ayzw87qnJndi84T31mH63G
645,23,KJflhl4gvncaN13PNbtl0nHTEgSIWi
646,72,DTML1VoNFpHGLiXomlUpz3IzN79fgt
647,59,5lmTUHAjMBdSXEEu0whaddq5xMTf5q
648,41,4ayOIAYloHiIyF01XADnoDjZLUgFSH
649,73,zo384lFtdUX0W9OLJqcjicEFmgs6sd
650,55,dcyaphGqNAtxfPlos2wZq916vDmfTI
651,32,tz3WYfLGVkztRNU4gemiRoitorDa7L
652,56,xTHqTtNhaOazWs2qw3JDs4t8HrpmsK
653,35,kEEYxoNb2q5yHjmjN0wdcmNWprrsPa
654,82,brlJ8go7Y6XhXnzc7I1pQ5rxcPv6yQ
655,96,8j5zR7HcRJw5n1Dt8kwIuBxYQuaxJA
656,96,qr2C1CrdSyCNiTGsdeFTiqnQ7jOsUH
657,73,s8e3yurx3VHWqEQwPd0sWLt4TLE8cd
658,75,p7Mf3VKgBXbM4WqSBXwkMmkuyeznxB
659,52,mLok00CQqAMzfV5IVLNxIKPC3hzR69
660,41,cQEdvP4dtBMWD9Uk8Hh0CSUxqHosXI
661,100,4kcu6perBwS7BjJNJnKaLbo5zZI6fc
662,18,3wzeZoPWgp0aEY1OIfbKUX1Sv0ggya
663,38,6LN8YD4NcslwIXDYl362IMh9f9EvIH
664,75,swIf08bPgZR1Hb85YejSNx3StGqxXj
665,59,1h3SCKikvbkVtB3bcA2E6gCjVRbqsy
666,48,8hJEkvImCx7klNgAzyQgnC49pZN3ld
667,46,UaqAuQHNbLfDocvi9fzK8c5VwDS7YH
668,87,XTlNL4VllPNumLN9v9yocYQ581bWis
669,41,rYxHxAcKEOvXCJ1h9Vm1Scq2676HFc
670,2,SsMIVnA7ZftBFjY1Uydnz1eoF4XStZ
671,64,BfrWjTIc9LKVCXCbnbveagzkmjbSjC
672,100,qRjG4suCqUCoF15OL5Wm7yMkLqpwtw
673,94,226ZEqTEucrTaIvJrPfJhjbqY6dLuu
674,95,W1xwfYIIibypP7KdGB6euvHLxcRncH
675,79,AylXthxveO6XUzqlxkMBFNmBnpfHkT
676,93,KTs1koAwyXQ7aBlQ2gJFyD3avfZvud
677,74,MuenEBcZXW4pahByOBLREdrxaaWI6k
678,22,JlBLDryM07WAVr3cNdalwBNNfpGRmQ
679,89,uo4TkLXOXe2pz38zKFPSqipTmBb8ns
680,6,VvyTSSj5svmzTCWSqHfxQGHgHyLvXs
681,94,RiopB5ydRzPbxR7gShcjOkfLMILpgr
682,31,3B8OE5cWY7O8yM2Q6BIRHUgjzTaWg4
683,14,8fphDG27w0xUvWZqLAv6xstMPdpWmz
684,27,ym7cVjIc57PBDu8uWEKPg3P1jW3EuQ
685,3,7hTst6ErcrggG5w9ZPRcNhJE966UJI
686,76,gS38TB8B6jq5T5595O2Ou33i5SB4e6
687,41,hmGt6J2ODMVnwqvKIfRxz49tw8N3rk
688,68,6HEUhlreQZQJMKSMn3TXCsjvrzjIS6
689,74,C5cn4VhszEOxwyyRbRnH2T6BE8Nj0t
690,7,RfA7jIyMBPSZlTKLy1d5M8BJfayzGu
691,3,TBY5mh8i2KdVVerZ3G10hm5hnGzAhj
692,82,89cqbUgPyN1qE8Iv0AglOyUzsRUjN3
693,7,FqudiKPvaR4ADaRXXS07FHuqU1SmnR
694,98,mhqTkz9IHeQXsRiYprAMiJM36QyhX5
695,49,4g8mi99gPcmoddT4gHyJLDiu3cDIJ2
696,53,RdPqlgUQYsrYIP89VUiXUnoSjyiqtL
697,53,TlGjoJUSmvgmfg2JxcBHIwlVmOw4k3
698,21,kcpUHE3ukm5YIUHoc2J5gRLMtNvcFA
699,69,W3KJ3IHRrBHHH2qFQstCr7qsnBWedV
700,37,R4ru9doPLE4YCh7GwleiCfAS1Jyy1U
701,33,m3P0wZzRrZLJdLL6HPEsKE8mQkRBt3
702,87,2CTtOsEOESSjUUwU8kBrHsrACPHs3n
703,83,1dYQBHU0FwtzNN1mgHvZsNvIONMzAG
704,32,f1TPZB72UUYhldVW7PGFaxLZaOPDuS
705,89,B6oFELUy1JTAkjgcfk9Qb5CiYojsoW
706,68,EnJ2rCnXzUOaYFVaCALZbrcNjaSO5O
707,20,xZfsSTDvzeldPJdb95tQLQnvJHiikG
708,56,hN2uXtN1nGWeLm02wVkMjwm3XOsSOP
709,92,2Ur2osL0OXusVnH26l0Tqqt98LoABI
710,66,F4mxLdj0Eq8FQ0JNTdwoS7h0uCdMYb
711,18,8KzISTLRYq1Gm7xGmz7im0X5sJtJgs
712,33,z0mxM0kqgBtFBJjTDLuAzIAb7ztZCv
713,8,KVrbVcGojkwyXDAfYeTA2tVQvJbFiI
714,71,JSM3tVC1z2hxNjGhdmYYYtyGHJjcsb
715,62,KTgBi2mDIAay68QnfCWy5lLbP80wIk
716,97,eiRSBRnlNkxrLoYJL4uMywDWOuaswT
717,50,pCISKqJaIa1JS39bFFlJAvBw5xR0On
718,82,lH6Lx08rSWCaMZEkyIm0mPn8E2WXL9
719,37,2onMVXRtoleF9CHgCsGwk1xdbRHOsk
720,46,ZHhG33rTwFt8u28AqZ6MLHihYBn2hs
721,9,bRrvpq8Y3EyypV2TAc2tXKJ0MNhIHx
722,51,PT4A9K638wD0wyPfyg7ixwJFpN3Pb6
723,50,bvxBhG5w7u4WocLIofohO3lrYQ4TxK
724,81,lrSadIy11iB15BnyhEZMZIKbuAYhxP
725,23,vOdjDfGe87fLT8H4Du0lFnZVJsmg8t
726,95,KaOHNSscary7dr4wD0gC0pMdz7lupm
727,24,GzX7xJvIs4Qro7Qe2zJOwnhqCxwnZT
728,10,s2tNIZZHnkoPWbQTbYWyz0fmyRi0UK
729,68,oV4GUZEzt1yuermbTg22pSTSUJRO3S
730,28,NCZffj8HYJ9FyYbX3T3PLhCNn1V7bj
731,85,gqkTMSyx9O9LjNTqglkUtAPDsxCjhc
732,50,hUM5gBDrbYZXDBGXWb4eiZKWe1k5le
733,58,fP09JHvvXwXJ94NJaH44CPBMrAfdaG
734,88,iFrTw1bWTzu4Isv9nGWFMjTco3PmrV
735,21,olmVtOCreh9HOE2ljLLTVwXHiBxmz9
736,47,KU6EIAKd3HeAMAqMha1c4dpygAF0Y6
737,90,TyFuIFU2RR8H3yvNTXwIGW7kkw4xkg
738,6,LJs8KsYBuU4yPu0QQ4KZuAmCfH6yU6
739,83,whbwE3ebqaHigjXIr5aJZKaDgLqhut
740,90,iG4zkN2rNF99ia95K8j1w7Pfin53Ry
741,32,gtQoO1HczFrXsrfzwddoOKJvqmYeO7
742,93,5BATXY15N95foaUgoOSkfa3iZQo9Wh
743,27,kpqlkAUBSGkb2nz28jtBAMIPX6Q7Vx
744,58,pf5zP50Uth6AHwpoD8vnoWmx07bq0r
745,19,d2YbmEktzNFTLk1oBNNmiQ4y26UQ2J
746,41,MV59OfVmG8zpegq5clHoeIGDxLR0X9
747,95,F081jhLZXq9aRFXKhlx7MJNzh4oQZY
748,24,UKELfnH3KEpGpLo4LJsCFxve7sOzI5
749,11,T0yPKcqyY3GPVL9JdVXUdNgcKCea0Z
750,49,oPZBQ5FNiVOVeLzVGjwCMqmMQAevEv
751,15,TAqk6IOuGnHA9hcubtSTRX7B4vmoSH
752,14,lUmhdccrPl7vB7eneyXPh2Yanbco7C
753,2,n9XyTLnuHEbLweUiDQm2dPLlyl6ZCY
754,28,ZvMHnteXTfk6bqqb9sVKxwyszQjycy
755,11,wCquH7Fz7Em9WDPCYh0DTUMySDz35q
756,69,1Nnt9rouGTVEQNvaFCzJ3jc5T5Ju35
757,66,RgN5ofenmVyBz3XsmmYYWU8m1T8sRu
758,44,j2iTlIEjx2YRjqQYrxeUOwtyVbHeXR
759,99,rrcaUlg8uPvD9eFQdHM2l5CtrQns0D
760,83,g2FBVzdCoubzMzVBgaLSZAwCEtT3TM
761,27,97hLvR5cFBPDSlFiIWVf0w8mqQUWl9
762,12,rrHsjEk3L7Irz0gXJje37NJkAhRvwe
763,39,D1Sn0DJmGIdMbB9bXmsPjAe4Q8TIUx
764,44,IrbuUCnwQQb1W4RwHuTY10fYqy1dw8
765,48,xIUYcaEg6wgBa5UePjzfGsueInvc3b
766,37,rjcoYtnzSH6ziym0TTl9EXUi3uh6HH
767,43,mmYRSiHbNWTLmF2DMN3lX0WKcSaFLw
768,82,M1BVBZAK77P6Fsztetmyopm9ZK8l74
769,77,l74W1OBSUJm6eTs7YqZPzkPeZtGNqB
770,94,LtC5G7tUJYa023G5yzQtCPB6eJVN4t
771,99,CTYrZsLbpvQxm4oXomVJa4D1jAQAiB
772,51,Dr7fhm8sSwFBaLpEYm9uHYVX6VjBda
773,8,d2b5O46wWTk8QCat4lwu9y9zEj4zwE
774,12,jk8qumPIgIKC2qJB2kZLrBz0zeMucY
775,60,6plB5tciYGw2Ze8BZCKjIxwBI6cF2J
776,89,pBUZx7qoLcKpvZGLKumvJ04hALDsLJ
777,75,FHdMOVyt0vOxncKRPsxWXorlXzuzbV
778,90,03KaCAN2XEmNmiRwyvtMgITSWVw7kv
779,100,25DzdUc2iXwCRMxS4uYKgD3npeEJXK
780,77,f5k6tqlROvZcpOUkfkdA5vhxdzrC7h
781,84,0Gu1zMCd9uXA11mvZMzerkBawpAixx
782,42,6wttC9TIvPAlaCZccD74PQvoYIbmXJ
783,66,EUZXjjrODj3XsnHMYgY30lbp6WXTHQ
784,84,EqQAp3GnEOa5svyPGaUl2uqW2vSXwe
785,46,IdfmADkWUY0w5qCKOb8QFfRM19cT3w
786,3,AQnP604utJrSQu3gtTEl8EBE83FZXV
787,61,DeiZjTEzfsQpDh4meTV3VC89v9mOW9
788,10,k99IR08oISaeQVfPk6SyzkvmXfIbzH
789,93,Vx85meaQnKaRGHjb7RcvUAJQ6nwWjd
790,25,HU3rrZzDMWqpIb0X1JIx6zgRF0MJ0q
791,82,8jwqmCTNBBhB7jpiNfOQb6P6TYicSR
792,51,s9B19jp55PLAWx7nXUCIIvK8zCTe79
793,88,kM1aeLRt5uBtkix9RWI9z8gFVCfBa8
794,52,3nHpC7ngjk2V3cYf7LcoFNkCI1HnNG
795,69,q7xxnfia5ENYI0yqOABtHEfHxdFowz
796,12,pV4mtXExxq7Us5YLVIi9PBQHVXdwAB
797,4,ygcO4VgrWTnC0XXPg2TxSv6qX1ijBb
798,60,sN5ZhchGDAbRWMIgvcHn3bu4LdXyQM
799,14,VSyTxzSON7gqd0GtGlfyk74HiFsGMX
800,24,4yzNfMGCysfM8sjdjdLjBwuooUSXoJ
801,36,Oxd20Rg9OcUdcvxeU54qbR5H2se9nX
802,72,7xcfidSf1ehI9FzT23sJ9u8zRqKbnI
803,62,xcKvT1n7HQUbRdg1pUUzCkhn17lP8H
804,96,VjD2HcyzvERfXtndTXFuEnIyR2t1YI
805,69,rd1vH7q8cePYe3lfxYwGgVQrWiMpc3
806,25,ALfDQSojTNuCIQInRlBe9soXDGVZnw
807,48,e6SPjkb7yWUTVoF5GjrbfMYFROQGsR
808,55,gYsxtcT1ZK8qtX9rCoDIqiaeSoqx5O
809,17,xH93gxZCGUrCYoQJuujbRBQ0jYWHN9
810,34,5oOj3vsgQJxWrJBxMcpNtXEFStfZiH
811,63,oBkqJnf89nmBrVWXV9Kttmrqbn06ds
812,18,tkNwtKMAvqi1hlmOwgumqrMGLRgnxB
813,49,YNQR1TYGJFD3ZGeAUbGKbizmsyuwkJ
814,2,YkgCm4UnjVnbEfbugT2wlHcquEl0eO
815,50,r12PnIM4P33ltFQosTBsSYgNxo6nhR
816,45,1i4JxjNX1ngRUNUSblrKnHx89avuEI
817,33,Vt6PSPMnpV7v840mXyo6Wlu7ef8oqH
818,31,mWKYEC7CummQcY7K9OAgh9c2qtzrn6
819,8,zfDzl9LTjYcZHDBil2L0sV4uQeuo2T
820,21,l0sgZ7QlV7ipB11rJkCyjoDkxjHTNL
821,60,2D4yErxEKmPBjh9lVRf49Y8mSxs7VP
822,52,yECcsU6UDNZGtCSm4gBcu8FnsoZ4Pg
823,10,q1la2qq6M8Ck8RmKoeTJWyTIvkoY8j
824,66,x9qEQeP45QMEIXFVlIsqGGLzinjFfN
825,75,qtOw0rMgW4meBJS7hZaKljDUR4JcME
826,34,by2hqb8uWnacA49NTGMsZS8ZjSjoin
827,57,lgmzlAp4ny4DhhtS7xIoZmXCpAgoKt
828,97,0P2eNPpSyfsPuabkNWBRZWxTVI1SHA
829,83,NuEltrYBH66BKpzIUSQNQIoeQ6yvmJ
830,78,WMPDtw5v3ojjaHAli7Gmnnup2OAH6a
831,71,OLNR5MsY2VINJpJ2DU2euhJu6NhcOS
832,31,hMxCegxwQtdlUUjmUc82PMkC322twr
833,33,wVhqdxwpqmDn8caWl9MTw15m04U1et
834,72,FTjUibXR8tXxa4cmIFg0svh7Eg81qC
835,28,FOisvTss5Lgyi2DrCrPj18MuXIM6il
836,72,HMpCY7GNm0WtquOO4ftSyKs3HPjmox
837,74,pKEnUALyx6WsjDGLoz9bG9p4hYsont
838,39,qxrayGr7mJ4x6MAur9AABsdDIOjbik
839,68,ozu9XvfUjKu8Edb7RthcjaVRY5esbm
840,80,gBsHq88Jr9kpNZTErMUHSsQ0y2VdqW
841,81,iFukeuK4GRQ7Ap3Xg2kZQEjklz4NE4
842,96,zJQ3mYRJK74XZqQse2I9bFjxhr4swC
843,11,ExZlevV4TfEhYVS9LHCTefTJQzR3q0
844,30,N6Ix3p7fEDLsqd5hDUAyCoF89mcPmM
845,42,JRUWAT1aVGOhbH2rTvLcWZX2KxvWBi
846,83,wpRfG0fSyyynQHsnwY4m3dsLAOhmdJ
847,34,Bj0nJUX6FdCPTPRmLmnJkEjgFDWbhU
848,23,nLucpkeobtEpjtJNXCHfz2QXHBI58B
849,29,9wKCb7ZMgWdprGOZiaGb9BfZZXwCyo
850,16,CHKvGSd7udwNjsEZTeIzCSZGUuGPtL
851,71,P7phF0JWKsMOhEYqZmYTVnejjefzen
852,62,LskHmuSKbofF9RIoSYmLIluFslap6C
853,54,DuSbFMCeLukISZ6UaDnnQJ2tNEbJAU
854,75,HW4exMSiJG7YA9GIaRS5M6ScHvyGjD
855,65,kQcubytkRpUZaGKywpT2CkrWNO5jI6
856,93,kmhGuOBOiBHc4gYmRw4KZIIqHuWPPt
857,63,vnFkZ7JlpklYUaCK9guGx863vMCSoK
858,90,OmAZlOBOIyp6e05TJbjsjq93dy86fu
859,40,PT0hffX1MBmMHT90yWT4nGTMtIz9eF
860,63,ZgxLT0SyhCRag9nzbCpVuSuHLx0fkF
861,2,y0vKNB9mQ2YRHxYkujjDLJtpgb91Jy
862,91,DPtzOyVNiIcOyDPVw3wdAOP5kT3zts
863,66,bFBVScSmWMSAdnvsGh7Fs630GPE1Qx
864,44,LQwe750eNRcVXMzWXyJD6QTuzrWJkH
865,29,fVdfs15bxjbQSSMwjIyny6UBYhMyE6
866,51,NbTqlh9LI4KtoR29ZWZtgbTA659Lme
867,66,kXDS28wIhqyzP0Uk1aP40TRSaEaOVm
868,94,dpBd1j6f8zDnsYHlLlRyncD2jejkn3
869,82,iLOXo6OBwRkp6DFh1iaQ22Tislhov8
870,79,7jALigVGJhsMtS7lEigi9hcObHV30u
871,16,FxTy9iV5NM8Xbrngitx91IFt9620PY
872,23,UUjY7frj289lVAJrhWHMgX844UbKzp
873,39,NY6o1eaPNRVUFJXETMolOAZrDmOM5g
874,40,MPWlcYSSUnWsHx35sF2SlngaaCxMTq
875,50,BUPdfBv2BXgYysVGSDTofFXjKCR9z3
876,6,jpC2ROQLA6GDFj8sONY4oGOJXfPCcL
877,44,2TEWRBpdVWnBsAVtJ2c9jpwNxtri3Q
878,52,lfGeD1VIHIKtQjEd7216ZVYwwxINWZ
879,40,rlD4rcXlvDVvYQBG12LM3icfTzCLMT
880,11,9eZVKTqSHEyYWTFWf6MMZoePtWxj3l
881,46,csCAUh0XUUZd0hWYe4JBk0ceyMWf1Z
882,81,wdQwlVhan8GmyUy5x24EN0L23h0Ooi
883,42,nA5JkfuIWYRkZIoAdFm70CKRvZ6S2S
884,13,MjBOQqU2Sxcuv8EIJqpoFbAZYU9l36
885,65,Zq6ZKJUg9c6yISUU4xJWqL8kv5PiaR
886,22,u1LLod0edtcZPK4sV28LIKrj4NeXar
887,33,qoCPppdVYSChyyjDWKkd9JqZ58VKqF
888,84,nqU3BmvyrMPa7wOFzEJV70f4vL0slm
889,82,NeB4DSuVbv1us5ct7MS16GiGAGPR2y
890,48,Oo7oZyiRjS7wMTWdJ03tqv6XbKB4Gh
891,9,tz3avgvaQGFQpNQUkn0twu2m21gWx5
892,48,SklX3DPj32eAERg8wiZWOV7DfPBlnd
893,88,mOl5mygTGuef73Pn26FjMrp9J6SXMF
894,29,Tn5SVGcMVv8zFqKtF0Jup4ReP1j4fX
895,6,ecftighmyHlpHby9znzOFp1vvpfjSq
896,2,Meo5jwE6PbUvXbyAlre40WkAiWmkpA
897,72,nXe0zLgxOhJnYnjdygWSGy8SDL8vr9
898,67,wKtvNhS0i9RCRqDbapNp0D9Z1RodLb
899,56,z9g6sr43crMZ4KhEKHq8VXMkWDqCJK
900,14,DC9aYBexiREs3NfzgRR8uHmW55vUxL
901,39,1qTKDrrcgcNsvLQYnkr0AiwxLS4NCW
902,86,VDSYkXscLXlxOzhoUpR4Dli0mWy08Z
903,48,sC2Sb2nECavEg4n6rjEJZPJXiuv9lz
904,90,0WgLbc2EI65t3uS9X4rujyLwSZxBEK
905,50,dJhM9OxxvhpIT1VcmCEr2lXZLUDAS2
906,78,mtOpTAe0pw0Uu5pKddODkRfcnmfb59
907,60,ibDGRlEaqYapGcpC8KJ45mLKdRfCV8
908,80,LOtQPYwAN4dvFJXDBI3n5tJ56cSlIv
909,92,F55aMKQUECWCADQ9rO4e9JdkdaRanH
910,29,24MZBA70oBNag4VEGEZxfVag3KNZLH
911,97,yEx4fvhFw5BZpFu8Qk5NqHRgYgOvVw
912,71,J05JG4gN67JtJH1ODOWgs0CAAmfeSP
913,99,gZrbisZV4CDZSHZbGsPx8Yp0fhanh6
914,51,JyhTsP7ovy7zdMAZJBSAls7Dc9jcQs
915,28,CnTzahTi8JlYWBJhRJJD87TD5SMrMx
916,84,wMsIBSSNCYEYDHHEEPMqEaN9iZNen5
917,14,8cFaPyBymI5Zqpy2GiEh3IFmrVQTnd
918,27,K0RGmZGmMGOxcMusgXRuHhDSKZQIU2
919,9,tJ6PtyTr2wIqC5tLhflOAPgGv0b01K
920,24,YZEJ6ZR24RoVi4FlKYFUB9AbrTh0jT
921,83,fkfaoSJCqHzmwdr3SWx9SKZWwxd8OZ
922,7,vMPjJ6hXLHNnKHbaR1zWk4CChqfKv0
923,20,8kQWOxjIGCmgopzJQ3KTgTY98DJfKM
924,57,sTPocFLceVLmUEr1yzgio9tcr01pyn
925,55,2YNk7krK4e3xsKJkOIYKyzzLwOEm69
926,46,ZkvE1new1pATFFK28BwzE21sMvtjZG
927,78,cnBtowm0iLRU8apc1RNtYUrDMRtnHX
928,13,iAIUOEozfHNtXITN06jW0KqOy52rNE
929,43,H7q4aj8ZigsKczbcv2Qt7lIvlGhYvR
930,33,arrpLfdB2OyvRvCjEUYuPqJLaw4B4B
931,51,IJwdM1MPGndcqpFmGc0TiLXztggszK
932,38,l5m8tsK6nXiRXUfEXxE47iRmtMola4
933,61,LjZJQEFIzYa9Xk2yVHikyA3WuUoh1m
934,16,ye9v65fvlgJfZcj63fcFcbYU3kFzWU
935,47,mHDjPnPdxgSKcgyeftfzUwXDeXSjOO
936,22,Lc15AJxwDfMyGVZDSt9GTkNry8QTlM
937,64,pFN4aATfhO5OoHErcvOHRrAnDIAx0V
938,49,yM4xcK2hvlUoljr6M8J3Dh149x7MeK
939,18,V6vShwMRL4nGls8JGEfiNioJPc6Dwp
940,76,971O7NW5KaEBAV2WrkLaTduieSp137
941,66,G8xFGHSYSRQ6QUWtIVj1ADOgiWCmtR
942,73,iv9ZOhRxFvt0cCVwxfN6MFzWeDBVg4
943,88,kCilmo566slmNYKSEIteGN1MoOZ3CI
944,75,3aTWuyW2VyZGTjOgLvVmOs6GGmrHiv
945,74,289BmTcjfSArRd83JcWgtVAgGMTwQS
946,42,cuARVTliuFecaDY3CcKwOTIwOwg2bs
947,88,lHVWAJZYMs8DVef5VuRmydJTtk1mHB
948,69,IWKUASkgbyB9Jjwv2yZMXNnPBwrmH5
949,76,uhR1xzTwtSEHxZ4E4C9828uWOZnRGW
950,16,G0f3HfOS9NeK3J0oW24mDgkNyLuDV1
951,68,C58ASRKXVqSlbt1InSkLTPJFwoBDz3
952,10,TyqDZVzwzr5PhfaPfUd5wwFa41ZCW2
953,71,705i10I3hdFiqN3TQc5wH37JFPDmJB
954,65,9QtkPDBLm4V68NeDkLPdli16LxAWsG
955,80,fagCDejhfvVl50bZqXT87LwKxIbcEB
956,22,8WAs4eSiqp2JIO70cuLZDflnPGfeUS
957,4,kF4N1WrGurmO8l9b1krRz2YkZPDeAm
958,62,LdZM0QJu39X0Dh5fLP6qZCeowBdjlq
959,55,DXWYtbDVpvR525oCoJq9Ub9AEcwQuD
960,48,fdsxDf8tzIDnD9M9mJZXVFk81KtdXN
961,76,oQDmh7omPhMhSj5oK1fQS9pB9WHuiV
962,79,Fm6BKgY8nrbWm6khOc7cYXVX0PEO9j
963,94,9QH9TjrnEIFm7uBbotPXTgsUdskvN4
964,28,T87CSPdvWPLmKlFFr83tNj2daVzC2V
965,53,vNy089WfJWV9nuBaQFb8bUIDXWdyyK
966,6,NKYnc1EoO30WTfICXG8tYVd4CMURPT
967,52,S8WOt2mYAmZzArGeTw0RJoErbo38xe
968,22,6O54xvxUAAW7ROPmpXaNYMqC21g2H7
969,94,ZrCh5NXiIUsIhVYfDpL0YlFnMNupil
970,80,mXipcpgzQ09XDHK8Dlt8pNfgmjg0ux
971,21,Duwb6xfNzZxbZrteYkYr3ZmI0uSBI5
972,94,0SiUTY2WLHTC9yJsBSrv5ia788F4ET
973,33,6VaHfK0MbHDrJTvyHc6T7v8huJa6x6
974,81,3kWemuySA6Fwd04FOFYQGIMR3JdsYq
975,84,EWf9TzpmkaVoaacVQOpAz6yoFktbtU
976,28,EBGmkiZEopS5DUR6sPEEV1XRk2oF9N
977,81,bA8XNgEMOojTToVW86iyEMXXn5v0dA
978,19,Qw42oEpg1OKv85EHoW0H34s0cI8J0l
979,85,rtYolwMwU4g0perCCs7cNdcJAZQGem
980,36,bNfie40Rqu1qhcwlw7cBaFw8CsDSBL
981,43,5Zno90D78Qa5p1xcMeMSaZtNLaylpE
982,55,vG7Ss0PkU2brBT2SnP5HG58HTMZkdq
983,70,BiLBqq9Uuo7SWNXsVwRdTtsOakQdPL
984,74,otULIXly8uQlEIpQERHEmQW8MRWjqW
985,59,FCp4CQ7407l0Z6BuwHFc2kqdom8l5l
986,94,fESEgGqhZ8ouhDRPf5F1mqYnDlb12c
987,82,gGIoZbYCy5m5lzbrRRADskvEqEcRV5
988,96,2GWOfBVpCqVMBmw9lSAQEWa7HwlzbN
989,18,9quZWdgxtyrz8tgKk550IgB28krZkQ
990,87,VjPHDui048unh2P09uaiVQFUkjFnxD
991,56,YOaYhdp3On8URdsrfe10P48hULD5Zt
992,1,t9Uuky5pHZUuhAnuwwHYfG8j68h3IT
993,73,BJv6Pwd8ioXHmfBpcaDwaEKZiDdfKn
994,39,6Us89hWU884adNOVkHhGPsExmvr10E
995,68,epP8z9YmHBIS6YboA5XN0ynwVEam6N
996,16,8Gx69EYszyoVrZ4fw71AGJtCYnDtn4
997,49,eLxTs2KxiEYYh0ALX2wJrGCgoPBlJO
998,14,xz19cAVuvyqE5YcTiSrXxmub8lfHHC
999,80,Z3WksltEZ3sbwL8djI2SXfqqq2iBi3
1000,63,04uNYvlp3Q3l9lWIntjE0THODHoZd9
